timestamp,heart_rate_bpm,sleep_hours,step_count,calories_burned,activity_type
2025-12-10 00:00:00,51,0.08,7,0.79,Sleeping
2025-12-10 00:05:00,50,0.17,0,0.5,Sleeping
2025-12-10 00:10:00,59,0.25,7,0.87,Sleeping
2025-12-10 00:15:00,56,0.33,4,0.72,Sleeping
2025-12-10 00:20:00,56,0.42,5,0.76,Sleeping
2025-12-10 00:25:00,56,0.5,2,0.64,Sleeping
2025-12-10 00:30:00,49,0.58,4,0.65,Sleeping
2025-12-10 00:35:00,56,0.67,7,0.84,Sleeping
2025-12-10 00:40:00,57,0.75,3,0.69,Sleeping
2025-12-10 00:45:00,53,0.83,8,0.85,Sleeping
2025-12-10 00:50:00,56,0.92,9,0.92,Sleeping
2025-12-10 00:55:00,59,1.0,7,0.87,Sleeping
2025-12-10 01:00:00,51,1.08,3,0.63,Sleeping
2025-12-10 01:05:00,54,1.17,0,0.54,Sleeping
2025-12-10 01:10:00,53,1.25,2,0.61,Sleeping
2025-12-10 01:15:00,56,1.33,7,0.84,Sleeping
2025-12-10 01:20:00,61,1.42,9,0.97,Sleeping
2025-12-10 01:25:00,55,1.5,2,0.63,Sleeping
2025-12-10 01:30:00,62,1.58,3,0.74,Sleeping
2025-12-10 01:35:00,58,1.67,9,0.94,Sleeping
2025-12-10 01:40:00,55,1.75,2,0.63,Sleeping
2025-12-10 01:45:00,65,1.83,2,0.73,Sleeping
2025-12-10 01:50:00,54,1.92,7,0.82,Sleeping
2025-12-10 01:55:00,50,2.0,1,0.54,Sleeping
2025-12-10 02:00:00,57,2.08,4,0.73,Sleeping
2025-12-10 02:05:00,63,2.17,7,0.91,Sleeping
2025-12-10 02:10:00,48,2.25,1,0.52,Sleeping
2025-12-10 02:15:00,51,2.33,9,0.87,Sleeping
2025-12-10 02:20:00,52,2.42,0,0.52,Sleeping
2025-12-10 02:25:00,58,2.5,1,0.62,Sleeping
2025-12-10 02:30:00,50,2.58,3,0.62,Sleeping
2025-12-10 02:35:00,54,2.67,3,0.66,Sleeping
2025-12-10 02:40:00,54,2.75,9,0.9,Sleeping
2025-12-10 02:45:00,53,2.83,3,0.65,Sleeping
2025-12-10 02:50:00,57,2.92,6,0.81,Sleeping
2025-12-10 02:55:00,52,3.0,2,0.6,Sleeping
2025-12-10 03:00:00,58,3.08,0,0.58,Sleeping
2025-12-10 03:05:00,54,3.17,4,0.7,Sleeping
2025-12-10 03:10:00,51,3.25,1,0.55,Sleeping
2025-12-10 03:15:00,59,3.33,1,0.63,Sleeping
2025-12-10 03:20:00,54,3.42,0,0.54,Sleeping
2025-12-10 03:25:00,51,3.5,5,0.71,Sleeping
2025-12-10 03:30:00,58,3.58,9,0.94,Sleeping
2025-12-10 03:35:00,54,3.67,9,0.9,Sleeping
2025-12-10 03:40:00,58,3.75,6,0.82,Sleeping
2025-12-10 03:45:00,55,3.83,1,0.59,Sleeping
2025-12-10 03:50:00,56,3.92,8,0.88,Sleeping
2025-12-10 03:55:00,60,4.0,2,0.68,Sleeping
2025-12-10 04:00:00,55,4.08,8,0.87,Sleeping
2025-12-10 04:05:00,48,4.17,1,0.52,Sleeping
2025-12-10 04:10:00,56,4.25,9,0.92,Sleeping
2025-12-10 04:15:00,55,4.33,4,0.71,Sleeping
2025-12-10 04:20:00,52,4.42,2,0.6,Sleeping
2025-12-10 04:25:00,58,4.5,1,0.62,Sleeping
2025-12-10 04:30:00,57,4.58,2,0.65,Sleeping
2025-12-10 04:35:00,53,4.67,2,0.61,Sleeping
2025-12-10 04:40:00,56,4.75,2,0.64,Sleeping
2025-12-10 04:45:00,57,4.83,7,0.85,Sleeping
2025-12-10 04:50:00,57,4.92,4,0.73,Sleeping
2025-12-10 04:55:00,51,5.0,9,0.87,Sleeping
2025-12-10 05:00:00,48,5.08,7,0.76,Sleeping
2025-12-10 05:05:00,59,5.17,1,0.63,Sleeping
2025-12-10 05:10:00,52,5.25,0,0.52,Sleeping
2025-12-10 05:15:00,59,5.33,7,0.87,Sleeping
2025-12-10 05:20:00,54,5.42,9,0.9,Sleeping
2025-12-10 05:25:00,59,5.5,7,0.87,Sleeping
2025-12-10 05:30:00,58,5.58,2,0.66,Sleeping
2025-12-10 05:35:00,49,5.67,6,0.73,Sleeping
2025-12-10 05:40:00,55,5.75,0,0.55,Sleeping
2025-12-10 05:45:00,53,5.83,9,0.89,Sleeping
2025-12-10 05:50:00,66,5.92,7,0.94,Sleeping
2025-12-10 05:55:00,56,6.0,8,0.88,Sleeping
2025-12-10 06:00:00,83,0.0,33,2.15,Walking
2025-12-10 06:05:00,88,0.0,39,2.44,Walking
2025-12-10 06:10:00,90,0.0,38,2.42,Walking
2025-12-10 06:15:00,87,0.0,39,2.43,Walking
2025-12-10 06:20:00,91,0.0,60,3.31,Walking
2025-12-10 06:25:00,83,0.0,58,3.15,Walking
2025-12-10 06:30:00,84,0.0,46,2.68,Walking
2025-12-10 06:35:00,82,0.0,53,2.94,Walking
2025-12-10 06:40:00,86,0.0,53,2.98,Walking
2025-12-10 06:45:00,72,0.0,66,3.36,Walking
2025-12-10 06:50:00,88,0.0,30,2.08,Walking
2025-12-10 06:55:00,81,0.0,31,2.05,Walking
2025-12-10 07:00:00,85,0.0,65,3.45,Walking
2025-12-10 07:05:00,85,0.0,61,3.29,Walking
2025-12-10 07:10:00,84,0.0,51,2.88,Walking
2025-12-10 07:15:00,88,0.0,68,3.6,Walking
2025-12-10 07:20:00,83,0.0,50,2.83,Walking
2025-12-10 07:25:00,86,0.0,43,2.58,Walking
2025-12-10 07:30:00,84,0.0,40,2.44,Walking
2025-12-10 07:35:00,86,0.0,36,2.3,Walking
2025-12-10 07:40:00,85,0.0,53,2.97,Walking
2025-12-10 07:45:00,84,0.0,34,2.2,Walking
2025-12-10 07:50:00,80,0.0,30,2.0,Walking
2025-12-10 07:55:00,82,0.0,37,2.3,Walking
2025-12-10 08:00:00,91,0.0,35,2.31,Walking
2025-12-10 08:05:00,88,0.0,69,3.64,Walking
2025-12-10 08:10:00,86,0.0,41,2.5,Walking
2025-12-10 08:15:00,81,0.0,62,3.29,Walking
2025-12-10 08:20:00,96,0.0,44,2.72,Walking
2025-12-10 08:25:00,82,0.0,67,3.5,Walking
2025-12-10 08:30:00,82,0.0,33,2.14,Walking
2025-12-10 08:35:00,80,0.0,58,3.12,Walking
2025-12-10 08:40:00,82,0.0,58,3.14,Walking
2025-12-10 08:45:00,83,0.0,64,3.39,Walking
2025-12-10 08:50:00,87,0.0,42,2.55,Walking
2025-12-10 08:55:00,77,0.0,38,2.29,Walking
2025-12-10 09:00:00,66,0.0,9,1.02,Resting
2025-12-10 09:05:00,61,0.0,4,0.77,Resting
2025-12-10 09:10:00,67,0.0,8,0.99,Resting
2025-12-10 09:15:00,66,0.0,8,0.98,Resting
2025-12-10 09:20:00,70,0.0,7,0.98,Resting
2025-12-10 09:25:00,65,0.0,2,0.73,Resting
2025-12-10 09:30:00,62,0.0,0,0.62,Resting
2025-12-10 09:35:00,60,0.0,8,0.92,Resting
2025-12-10 09:40:00,61,0.0,0,0.61,Resting
2025-12-10 09:45:00,63,0.0,3,0.75,Resting
2025-12-10 09:50:00,68,0.0,3,0.8,Resting
2025-12-10 09:55:00,63,0.0,6,0.87,Resting
2025-12-10 10:00:00,62,0.0,2,0.7,Resting
2025-12-10 10:05:00,62,0.0,2,0.7,Resting
2025-12-10 10:10:00,65,0.0,2,0.73,Resting
2025-12-10 10:15:00,67,0.0,3,0.79,Resting
2025-12-10 10:20:00,62,0.0,6,0.86,Resting
2025-12-10 10:25:00,60,0.0,4,0.76,Resting
2025-12-10 10:30:00,73,0.0,2,0.81,Resting
2025-12-10 10:35:00,63,0.0,3,0.75,Resting
2025-12-10 10:40:00,66,0.0,0,0.66,Resting
2025-12-10 10:45:00,66,0.0,8,0.98,Resting
2025-12-10 10:50:00,60,0.0,4,0.76,Resting
2025-12-10 10:55:00,71,0.0,6,0.95,Resting
2025-12-10 11:00:00,65,0.0,2,0.73,Resting
2025-12-10 11:05:00,66,0.0,7,0.94,Resting
2025-12-10 11:10:00,69,0.0,5,0.89,Resting
2025-12-10 11:15:00,65,0.0,4,0.81,Resting
2025-12-10 11:20:00,63,0.0,2,0.71,Resting
2025-12-10 11:25:00,62,0.0,5,0.82,Resting
2025-12-10 11:30:00,66,0.0,4,0.82,Resting
2025-12-10 11:35:00,68,0.0,1,0.72,Resting
2025-12-10 11:40:00,68,0.0,5,0.88,Resting
2025-12-10 11:45:00,64,0.0,4,0.8,Resting
2025-12-10 11:50:00,67,0.0,7,0.95,Resting
2025-12-10 11:55:00,67,0.0,7,0.95,Resting
2025-12-10 12:00:00,131,0.0,114,5.87,Running
2025-12-10 12:05:00,132,0.0,134,6.68,Running
2025-12-10 12:10:00,128,0.0,110,5.68,Running
2025-12-10 12:15:00,127,0.0,138,6.79,Running
2025-12-10 12:20:00,127,0.0,125,6.27,Running
2025-12-10 12:25:00,127,0.0,108,5.59,Running
2025-12-10 12:30:00,130,0.0,134,6.66,Running
2025-12-10 12:35:00,128,0.0,133,6.6,Running
2025-12-10 12:40:00,132,0.0,125,6.32,Running
2025-12-10 12:45:00,131,0.0,145,7.11,Running
2025-12-10 12:50:00,139,0.0,101,5.43,Running
2025-12-10 12:55:00,127,0.0,120,6.07,Running
2025-12-10 13:00:00,124,0.0,131,6.48,Running
2025-12-10 13:05:00,124,0.0,106,5.48,Running
2025-12-10 13:10:00,131,0.0,113,5.83,Running
2025-12-10 13:15:00,123,0.0,101,5.27,Running
2025-12-10 13:20:00,132,0.0,133,6.64,Running
2025-12-10 13:25:00,127,0.0,122,6.15,Running
2025-12-10 13:30:00,135,0.0,111,5.79,Running
2025-12-10 13:35:00,124,0.0,132,6.52,Running
2025-12-10 13:40:00,137,0.0,106,5.61,Running
2025-12-10 13:45:00,128,0.0,105,5.48,Running
2025-12-10 13:50:00,132,0.0,107,5.6,Running
2025-12-10 13:55:00,133,0.0,138,6.85,Running
2025-12-10 14:00:00,90,0.0,63,3.42,Walking
2025-12-10 14:05:00,84,0.0,36,2.28,Walking
2025-12-10 14:10:00,81,0.0,64,3.37,Walking
2025-12-10 14:15:00,85,0.0,64,3.41,Walking
2025-12-10 14:20:00,89,0.0,65,3.49,Walking
2025-12-10 14:25:00,85,0.0,32,2.13,Walking
2025-12-10 14:30:00,92,0.0,55,3.12,Walking
2025-12-10 14:35:00,85,0.0,47,2.73,Walking
2025-12-10 14:40:00,87,0.0,64,3.43,Walking
2025-12-10 14:45:00,86,0.0,36,2.3,Walking
2025-12-10 14:50:00,83,0.0,44,2.59,Walking
2025-12-10 14:55:00,86,0.0,34,2.22,Walking
2025-12-10 15:00:00,80,0.0,64,3.36,Walking
2025-12-10 15:05:00,83,0.0,69,3.59,Walking
2025-12-10 15:10:00,89,0.0,51,2.93,Walking
2025-12-10 15:15:00,90,0.0,39,2.46,Walking
2025-12-10 15:20:00,81,0.0,61,3.25,Walking
2025-12-10 15:25:00,84,0.0,42,2.52,Walking
2025-12-10 15:30:00,82,0.0,35,2.22,Walking
2025-12-10 15:35:00,86,0.0,47,2.74,Walking
2025-12-10 15:40:00,78,0.0,59,3.14,Walking
2025-12-10 15:45:00,84,0.0,51,2.88,Walking
2025-12-10 15:50:00,91,0.0,57,3.19,Walking
2025-12-10 15:55:00,83,0.0,31,2.07,Walking
2025-12-10 16:00:00,86,0.0,46,2.7,Walking
2025-12-10 16:05:00,87,0.0,62,3.35,Walking
2025-12-10 16:10:00,87,0.0,39,2.43,Walking
2025-12-10 16:15:00,85,0.0,36,2.29,Walking
2025-12-10 16:20:00,84,0.0,45,2.64,Walking
2025-12-10 16:25:00,84,0.0,48,2.76,Walking
2025-12-10 16:30:00,94,0.0,36,2.38,Walking
2025-12-10 16:35:00,88,0.0,40,2.48,Walking
2025-12-10 16:40:00,86,0.0,33,2.18,Walking
2025-12-10 16:45:00,84,0.0,63,3.36,Walking
2025-12-10 16:50:00,80,0.0,44,2.56,Walking
2025-12-10 16:55:00,85,0.0,55,3.05,Walking
2025-12-10 17:00:00,78,0.0,35,2.18,Walking
2025-12-10 17:05:00,90,0.0,37,2.38,Walking
2025-12-10 17:10:00,92,0.0,47,2.8,Walking
2025-12-10 17:15:00,80,0.0,44,2.56,Walking
2025-12-10 17:20:00,82,0.0,30,2.02,Walking
2025-12-10 17:25:00,78,0.0,35,2.18,Walking
2025-12-10 17:30:00,86,0.0,43,2.58,Walking
2025-12-10 17:35:00,82,0.0,68,3.54,Walking
2025-12-10 17:40:00,80,0.0,67,3.48,Walking
2025-12-10 17:45:00,87,0.0,48,2.79,Walking
2025-12-10 17:50:00,91,0.0,64,3.47,Walking
2025-12-10 17:55:00,88,0.0,58,3.2,Walking
2025-12-10 18:00:00,128,0.0,88,4.8,Workout
2025-12-10 18:05:00,115,0.0,71,3.99,Workout
2025-12-10 18:10:00,119,0.0,82,4.47,Workout
2025-12-10 18:15:00,113,0.0,63,3.65,Workout
2025-12-10 18:20:00,118,0.0,80,4.38,Workout
2025-12-10 18:25:00,127,0.0,102,5.35,Workout
2025-12-10 18:30:00,115,0.0,69,3.91,Workout
2025-12-10 18:35:00,123,0.0,82,4.51,Workout
2025-12-10 18:40:00,116,0.0,87,4.64,Workout
2025-12-10 18:45:00,117,0.0,107,5.45,Workout
2025-12-10 18:50:00,126,0.0,115,5.86,Workout
2025-12-10 18:55:00,119,0.0,105,5.39,Workout
2025-12-10 19:00:00,118,0.0,99,5.14,Workout
2025-12-10 19:05:00,123,0.0,110,5.63,Workout
2025-12-10 19:10:00,119,0.0,111,5.63,Workout
2025-12-10 19:15:00,130,0.0,86,4.74,Workout
2025-12-10 19:20:00,120,0.0,69,3.96,Workout
2025-12-10 19:25:00,121,0.0,112,5.69,Workout
2025-12-10 19:30:00,120,0.0,94,4.96,Workout
2025-12-10 19:35:00,115,0.0,95,4.95,Workout
2025-12-10 19:40:00,116,0.0,93,4.88,Workout
2025-12-10 19:45:00,122,0.0,117,5.9,Workout
2025-12-10 19:50:00,119,0.0,89,4.75,Workout
2025-12-10 19:55:00,122,0.0,97,5.1,Workout
2025-12-10 20:00:00,64,0.0,8,0.96,Resting
2025-12-10 20:05:00,71,0.0,7,0.99,Resting
2025-12-10 20:10:00,59,0.0,5,0.79,Resting
2025-12-10 20:15:00,66,0.0,0,0.66,Resting
2025-12-10 20:20:00,68,0.0,8,1.0,Resting
2025-12-10 20:25:00,63,0.0,1,0.67,Resting
2025-12-10 20:30:00,68,0.0,5,0.88,Resting
2025-12-10 20:35:00,55,0.0,6,0.79,Resting
2025-12-10 20:40:00,70,0.0,5,0.9,Resting
2025-12-10 20:45:00,66,0.0,8,0.98,Resting
2025-12-10 20:50:00,59,0.0,5,0.79,Resting
2025-12-10 20:55:00,64,0.0,8,0.96,Resting
2025-12-10 21:00:00,60,0.0,9,0.96,Resting
2025-12-10 21:05:00,61,0.0,4,0.77,Resting
2025-12-10 21:10:00,63,0.0,9,0.99,Resting
2025-12-10 21:15:00,68,0.0,6,0.92,Resting
2025-12-10 21:20:00,63,0.0,8,0.95,Resting
2025-12-10 21:25:00,76,0.0,7,1.04,Resting
2025-12-10 21:30:00,68,0.0,3,0.8,Resting
2025-12-10 21:35:00,65,0.0,7,0.93,Resting
2025-12-10 21:40:00,61,0.0,3,0.73,Resting
2025-12-10 21:45:00,69,0.0,4,0.85,Resting
2025-12-10 21:50:00,58,0.0,6,0.82,Resting
2025-12-10 21:55:00,61,0.0,7,0.89,Resting
2025-12-10 22:00:00,65,0.0,7,0.93,Resting
2025-12-10 22:05:00,63,0.0,5,0.83,Resting
2025-12-10 22:10:00,60,0.0,4,0.76,Resting
2025-12-10 22:15:00,62,0.0,9,0.98,Resting
2025-12-10 22:20:00,68,0.0,5,0.88,Resting
2025-12-10 22:25:00,75,0.0,5,0.95,Resting
2025-12-10 22:30:00,65,0.0,4,0.81,Resting
2025-12-10 22:35:00,62,0.0,5,0.82,Resting
2025-12-10 22:40:00,60,0.0,2,0.68,Resting
2025-12-10 22:45:00,57,0.0,1,0.61,Resting
2025-12-10 22:50:00,65,0.0,2,0.73,Resting
2025-12-10 22:55:00,66,0.0,8,0.98,Resting
2025-12-10 23:00:00,60,0.0,8,0.92,Resting
2025-12-10 23:05:00,64,0.0,9,1.0,Resting
2025-12-10 23:10:00,69,0.0,6,0.93,Resting
2025-12-10 23:15:00,65,0.0,7,0.93,Resting
2025-12-10 23:20:00,65,0.0,2,0.73,Resting
2025-12-10 23:25:00,60,0.0,0,0.6,Resting
2025-12-10 23:30:00,72,0.0,5,0.92,Resting
2025-12-10 23:35:00,73,0.0,1,0.77,Resting
2025-12-10 23:40:00,66,0.0,2,0.74,Resting
2025-12-10 23:45:00,61,0.0,2,0.69,Resting
2025-12-10 23:50:00,67,0.0,0,0.67,Resting
2025-12-10 23:55:00,64,0.0,2,0.72,Resting
2025-12-11 00:00:00,50,0.08,4,0.66,Sleeping
2025-12-11 00:05:00,56,0.17,9,0.92,Sleeping
2025-12-11 00:10:00,56,0.25,2,0.64,Sleeping
2025-12-11 00:15:00,53,0.33,9,0.89,Sleeping
2025-12-11 00:20:00,53,0.42,4,0.69,Sleeping
2025-12-11 00:25:00,61,0.5,3,0.73,Sleeping
2025-12-11 00:30:00,54,0.58,1,0.58,Sleeping
2025-12-11 00:35:00,57,0.67,8,0.89,Sleeping
2025-12-11 00:40:00,50,0.75,2,0.58,Sleeping
2025-12-11 00:45:00,51,0.83,2,0.59,Sleeping
2025-12-11 00:50:00,60,0.92,8,0.92,Sleeping
2025-12-11 00:55:00,55,1.0,5,0.75,Sleeping
2025-12-11 01:00:00,56,1.08,5,0.76,Sleeping
2025-12-11 01:05:00,54,1.17,6,0.78,Sleeping
2025-12-11 01:10:00,53,1.25,5,0.73,Sleeping
2025-12-11 01:15:00,51,1.33,9,0.87,Sleeping
2025-12-11 01:20:00,63,1.42,9,0.99,Sleeping
2025-12-11 01:25:00,51,1.5,4,0.67,Sleeping
2025-12-11 01:30:00,57,1.58,9,0.93,Sleeping
2025-12-11 01:35:00,46,1.67,5,0.66,Sleeping
2025-12-11 01:40:00,58,1.75,2,0.66,Sleeping
2025-12-11 01:45:00,58,1.83,2,0.66,Sleeping
2025-12-11 01:50:00,59,1.92,6,0.83,Sleeping
2025-12-11 01:55:00,59,2.0,9,0.95,Sleeping
2025-12-11 02:00:00,63,2.08,2,0.71,Sleeping
2025-12-11 02:05:00,54,2.17,8,0.86,Sleeping
2025-12-11 02:10:00,51,2.25,0,0.51,Sleeping
2025-12-11 02:15:00,53,2.33,0,0.53,Sleeping
2025-12-11 02:20:00,52,2.42,8,0.84,Sleeping
2025-12-11 02:25:00,58,2.5,2,0.66,Sleeping
2025-12-11 02:30:00,53,2.58,5,0.73,Sleeping
2025-12-11 02:35:00,55,2.67,2,0.63,Sleeping
2025-12-11 02:40:00,57,2.75,4,0.73,Sleeping
2025-12-11 02:45:00,56,2.83,0,0.56,Sleeping
2025-12-11 02:50:00,58,2.92,7,0.86,Sleeping
2025-12-11 02:55:00,53,3.0,6,0.77,Sleeping
2025-12-11 03:00:00,54,3.08,1,0.58,Sleeping
2025-12-11 03:05:00,51,3.17,5,0.71,Sleeping
2025-12-11 03:10:00,49,3.25,8,0.81,Sleeping
2025-12-11 03:15:00,58,3.33,7,0.86,Sleeping
2025-12-11 03:20:00,49,3.42,9,0.85,Sleeping
2025-12-11 03:25:00,54,3.5,5,0.74,Sleeping
2025-12-11 03:30:00,55,3.58,5,0.75,Sleeping
2025-12-11 03:35:00,60,3.67,1,0.64,Sleeping
2025-12-11 03:40:00,58,3.75,1,0.62,Sleeping
2025-12-11 03:45:00,51,3.83,5,0.71,Sleeping
2025-12-11 03:50:00,53,3.92,6,0.77,Sleeping
2025-12-11 03:55:00,53,4.0,1,0.57,Sleeping
2025-12-11 04:00:00,50,4.08,0,0.5,Sleeping
2025-12-11 04:05:00,50,4.17,2,0.58,Sleeping
2025-12-11 04:10:00,57,4.25,2,0.65,Sleeping
2025-12-11 04:15:00,55,4.33,1,0.59,Sleeping
2025-12-11 04:20:00,60,4.42,2,0.68,Sleeping
2025-12-11 04:25:00,52,4.5,4,0.68,Sleeping
2025-12-11 04:30:00,61,4.58,7,0.89,Sleeping
2025-12-11 04:35:00,65,4.67,4,0.81,Sleeping
2025-12-11 04:40:00,57,4.75,3,0.69,Sleeping
2025-12-11 04:45:00,59,4.83,0,0.59,Sleeping
2025-12-11 04:50:00,56,4.92,2,0.64,Sleeping
2025-12-11 04:55:00,58,5.0,8,0.9,Sleeping
2025-12-11 05:00:00,57,5.08,3,0.69,Sleeping
2025-12-11 05:05:00,53,5.17,6,0.77,Sleeping
2025-12-11 05:10:00,52,5.25,3,0.64,Sleeping
2025-12-11 05:15:00,62,5.33,5,0.82,Sleeping
2025-12-11 05:20:00,59,5.42,5,0.79,Sleeping
2025-12-11 05:25:00,59,5.5,0,0.59,Sleeping
2025-12-11 05:30:00,55,5.58,8,0.87,Sleeping
2025-12-11 05:35:00,50,5.67,3,0.62,Sleeping
2025-12-11 05:40:00,60,5.75,4,0.76,Sleeping
2025-12-11 05:45:00,57,5.83,4,0.73,Sleeping
2025-12-11 05:50:00,63,5.92,2,0.71,Sleeping
2025-12-11 05:55:00,51,6.0,9,0.87,Sleeping
2025-12-11 06:00:00,87,0.0,50,2.87,Walking
2025-12-11 06:05:00,93,0.0,48,2.85,Walking
2025-12-11 06:10:00,83,0.0,62,3.31,Walking
2025-12-11 06:15:00,82,0.0,69,3.58,Walking
2025-12-11 06:20:00,79,0.0,54,2.95,Walking
2025-12-11 06:25:00,83,0.0,60,3.23,Walking
2025-12-11 06:30:00,87,0.0,45,2.67,Walking
2025-12-11 06:35:00,80,0.0,43,2.52,Walking
2025-12-11 06:40:00,87,0.0,33,2.19,Walking
2025-12-11 06:45:00,82,0.0,41,2.46,Walking
2025-12-11 06:50:00,88,0.0,44,2.64,Walking
2025-12-11 06:55:00,86,0.0,40,2.46,Walking
2025-12-11 07:00:00,86,0.0,57,3.14,Walking
2025-12-11 07:05:00,81,0.0,37,2.29,Walking
2025-12-11 07:10:00,84,0.0,41,2.48,Walking
2025-12-11 07:15:00,85,0.0,61,3.29,Walking
2025-12-11 07:20:00,84,0.0,47,2.72,Walking
2025-12-11 07:25:00,85,0.0,51,2.89,Walking
2025-12-11 07:30:00,81,0.0,41,2.45,Walking
2025-12-11 07:35:00,86,0.0,43,2.58,Walking
2025-12-11 07:40:00,76,0.0,44,2.52,Walking
2025-12-11 07:45:00,83,0.0,68,3.55,Walking
2025-12-11 07:50:00,87,0.0,61,3.31,Walking
2025-12-11 07:55:00,84,0.0,31,2.08,Walking
2025-12-11 08:00:00,85,0.0,55,3.05,Walking
2025-12-11 08:05:00,73,0.0,39,2.29,Walking
2025-12-11 08:10:00,86,0.0,53,2.98,Walking
2025-12-11 08:15:00,83,0.0,52,2.91,Walking
2025-12-11 08:20:00,90,0.0,40,2.5,Walking
2025-12-11 08:25:00,84,0.0,51,2.88,Walking
2025-12-11 08:30:00,77,0.0,68,3.49,Walking
2025-12-11 08:35:00,83,0.0,56,3.07,Walking
2025-12-11 08:40:00,88,0.0,55,3.08,Walking
2025-12-11 08:45:00,83,0.0,63,3.35,Walking
2025-12-11 08:50:00,81,0.0,43,2.53,Walking
2025-12-11 08:55:00,85,0.0,46,2.69,Walking
2025-12-11 09:00:00,65,0.0,5,0.85,Resting
2025-12-11 09:05:00,61,0.0,0,0.61,Resting
2025-12-11 09:10:00,62,0.0,6,0.86,Resting
2025-12-11 09:15:00,60,0.0,2,0.68,Resting
2025-12-11 09:20:00,70,0.0,2,0.78,Resting
2025-12-11 09:25:00,66,0.0,6,0.9,Resting
2025-12-11 09:30:00,64,0.0,6,0.88,Resting
2025-12-11 09:35:00,70,0.0,6,0.94,Resting
2025-12-11 09:40:00,67,0.0,6,0.91,Resting
2025-12-11 09:45:00,66,0.0,4,0.82,Resting
2025-12-11 09:50:00,68,0.0,3,0.8,Resting
2025-12-11 09:55:00,65,0.0,5,0.85,Resting
2025-12-11 10:00:00,75,0.0,7,1.03,Resting
2025-12-11 10:05:00,62,0.0,5,0.82,Resting
2025-12-11 10:10:00,66,0.0,6,0.9,Resting
2025-12-11 10:15:00,71,0.0,2,0.79,Resting
2025-12-11 10:20:00,68,0.0,3,0.8,Resting
2025-12-11 10:25:00,64,0.0,1,0.68,Resting
2025-12-11 10:30:00,66,0.0,8,0.98,Resting
2025-12-11 10:35:00,64,0.0,9,1.0,Resting
2025-12-11 10:40:00,61,0.0,9,0.97,Resting
2025-12-11 10:45:00,71,0.0,8,1.03,Resting
2025-12-11 10:50:00,60,0.0,4,0.76,Resting
2025-12-11 10:55:00,62,0.0,1,0.66,Resting
2025-12-11 11:00:00,58,0.0,0,0.58,Resting
2025-12-11 11:05:00,65,0.0,9,1.01,Resting
2025-12-11 11:10:00,69,0.0,4,0.85,Resting
2025-12-11 11:15:00,64,0.0,0,0.64,Resting
2025-12-11 11:20:00,67,0.0,2,0.75,Resting
2025-12-11 11:25:00,63,0.0,4,0.79,Resting
2025-12-11 11:30:00,63,0.0,9,0.99,Resting
2025-12-11 11:35:00,62,0.0,5,0.82,Resting
2025-12-11 11:40:00,69,0.0,2,0.77,Resting
2025-12-11 11:45:00,61,0.0,6,0.85,Resting
2025-12-11 11:50:00,71,0.0,6,0.95,Resting
2025-12-11 11:55:00,67,0.0,4,0.83,Resting
2025-12-11 12:00:00,129,0.0,147,7.17,Running
2025-12-11 12:05:00,118,0.0,102,5.26,Running
2025-12-11 12:10:00,133,0.0,129,6.49,Running
2025-12-11 12:15:00,127,0.0,102,5.35,Running
2025-12-11 12:20:00,127,0.0,128,6.39,Running
2025-12-11 12:25:00,129,0.0,149,7.25,Running
2025-12-11 12:30:00,126,0.0,124,6.22,Running
2025-12-11 12:35:00,137,0.0,105,5.57,Running
2025-12-11 12:40:00,128,0.0,134,6.64,Running
2025-12-11 12:45:00,127,0.0,120,6.07,Running
2025-12-11 12:50:00,135,0.0,113,5.87,Running
2025-12-11 12:55:00,128,0.0,143,7.0,Running
2025-12-11 13:00:00,123,0.0,145,7.03,Running
2025-12-11 13:05:00,133,0.0,145,7.13,Running
2025-12-11 13:10:00,138,0.0,147,7.26,Running
2025-12-11 13:15:00,127,0.0,106,5.51,Running
2025-12-11 13:20:00,132,0.0,121,6.16,Running
2025-12-11 13:25:00,129,0.0,119,6.05,Running
2025-12-11 13:30:00,134,0.0,110,5.74,Running
2025-12-11 13:35:00,134,0.0,128,6.46,Running
2025-12-11 13:40:00,130,0.0,135,6.7,Running
2025-12-11 13:45:00,131,0.0,135,6.71,Running
2025-12-11 13:50:00,130,0.0,124,6.26,Running
2025-12-11 13:55:00,133,0.0,100,5.33,Running
2025-12-11 14:00:00,84,0.0,50,2.84,Walking
2025-12-11 14:05:00,87,0.0,55,3.07,Walking
2025-12-11 14:10:00,86,0.0,41,2.5,Walking
2025-12-11 14:15:00,85,0.0,38,2.37,Walking
2025-12-11 14:20:00,78,0.0,35,2.18,Walking
2025-12-11 14:25:00,85,0.0,34,2.21,Walking
2025-12-11 14:30:00,86,0.0,47,2.74,Walking
2025-12-11 14:35:00,83,0.0,69,3.59,Walking
2025-12-11 14:40:00,80,0.0,45,2.6,Walking
2025-12-11 14:45:00,84,0.0,46,2.68,Walking
2025-12-11 14:50:00,89,0.0,56,3.13,Walking
2025-12-11 14:55:00,81,0.0,44,2.57,Walking
2025-12-11 15:00:00,88,0.0,32,2.16,Walking
2025-12-11 15:05:00,83,0.0,59,3.19,Walking
2025-12-11 15:10:00,80,0.0,43,2.52,Walking
2025-12-11 15:15:00,87,0.0,37,2.35,Walking
2025-12-11 15:20:00,87,0.0,55,3.07,Walking
2025-12-11 15:25:00,94,0.0,53,3.06,Walking
2025-12-11 15:30:00,85,0.0,33,2.17,Walking
2025-12-11 15:35:00,93,0.0,63,3.45,Walking
2025-12-11 15:40:00,81,0.0,65,3.41,Walking
2025-12-11 15:45:00,90,0.0,30,2.1,Walking
2025-12-11 15:50:00,91,0.0,31,2.15,Walking
2025-12-11 15:55:00,90,0.0,54,3.06,Walking
2025-12-11 16:00:00,84,0.0,54,3.0,Walking
2025-12-11 16:05:00,88,0.0,55,3.08,Walking
2025-12-11 16:10:00,86,0.0,62,3.34,Walking
2025-12-11 16:15:00,85,0.0,54,3.01,Walking
2025-12-11 16:20:00,87,0.0,33,2.19,Walking
2025-12-11 16:25:00,81,0.0,36,2.25,Walking
2025-12-11 16:30:00,82,0.0,67,3.5,Walking
2025-12-11 16:35:00,90,0.0,53,3.02,Walking
2025-12-11 16:40:00,88,0.0,40,2.48,Walking
2025-12-11 16:45:00,90,0.0,39,2.46,Walking
2025-12-11 16:50:00,91,0.0,42,2.59,Walking
2025-12-11 16:55:00,90,0.0,61,3.34,Walking
2025-12-11 17:00:00,86,0.0,36,2.3,Walking
2025-12-11 17:05:00,83,0.0,43,2.55,Walking
2025-12-11 17:10:00,88,0.0,61,3.32,Walking
2025-12-11 17:15:00,81,0.0,33,2.13,Walking
2025-12-11 17:20:00,84,0.0,32,2.12,Walking
2025-12-11 17:25:00,86,0.0,35,2.26,Walking
2025-12-11 17:30:00,84,0.0,46,2.68,Walking
2025-12-11 17:35:00,95,0.0,56,3.19,Walking
2025-12-11 17:40:00,86,0.0,53,2.98,Walking
2025-12-11 17:45:00,88,0.0,56,3.12,Walking
2025-12-11 17:50:00,83,0.0,47,2.71,Walking
2025-12-11 17:55:00,85,0.0,58,3.17,Walking
2025-12-11 18:00:00,118,0.0,92,4.86,Workout
2025-12-11 18:05:00,116,0.0,71,4.0,Workout
2025-12-11 18:10:00,120,0.0,87,4.68,Workout
2025-12-11 18:15:00,122,0.0,111,5.66,Workout
2025-12-11 18:20:00,119,0.0,70,3.99,Workout
2025-12-11 18:25:00,120,0.0,111,5.64,Workout
2025-12-11 18:30:00,117,0.0,99,5.13,Workout
2025-12-11 18:35:00,124,0.0,116,5.88,Workout
2025-12-11 18:40:00,122,0.0,118,5.94,Workout
2025-12-11 18:45:00,119,0.0,75,4.19,Workout
2025-12-11 18:50:00,123,0.0,101,5.27,Workout
2025-12-11 18:55:00,118,0.0,99,5.14,Workout
2025-12-11 19:00:00,123,0.0,114,5.79,Workout
2025-12-11 19:05:00,113,0.0,64,3.69,Workout
2025-12-11 19:10:00,116,0.0,64,3.72,Workout
2025-12-11 19:15:00,113,0.0,116,5.77,Workout
2025-12-11 19:20:00,124,0.0,75,4.24,Workout
2025-12-11 19:25:00,115,0.0,82,4.43,Workout
2025-12-11 19:30:00,120,0.0,66,3.84,Workout
2025-12-11 19:35:00,123,0.0,93,4.95,Workout
2025-12-11 19:40:00,111,0.0,62,3.59,Workout
2025-12-11 19:45:00,123,0.0,68,3.95,Workout
2025-12-11 19:50:00,122,0.0,74,4.18,Workout
2025-12-11 19:55:00,121,0.0,108,5.53,Workout
2025-12-11 20:00:00,65,0.0,8,0.97,Resting
2025-12-11 20:05:00,73,0.0,9,1.09,Resting
2025-12-11 20:10:00,63,0.0,7,0.91,Resting
2025-12-11 20:15:00,65,0.0,0,0.65,Resting
2025-12-11 20:20:00,65,0.0,7,0.93,Resting
2025-12-11 20:25:00,59,0.0,3,0.71,Resting
2025-12-11 20:30:00,64,0.0,9,1.0,Resting
2025-12-11 20:35:00,60,0.0,2,0.68,Resting
2025-12-11 20:40:00,67,0.0,8,0.99,Resting
2025-12-11 20:45:00,67,0.0,7,0.95,Resting
2025-12-11 20:50:00,60,0.0,1,0.64,Resting
2025-12-11 20:55:00,60,0.0,4,0.76,Resting
2025-12-11 21:00:00,67,0.0,3,0.79,Resting
2025-12-11 21:05:00,66,0.0,8,0.98,Resting
2025-12-11 21:10:00,62,0.0,3,0.74,Resting
2025-12-11 21:15:00,64,0.0,8,0.96,Resting
2025-12-11 21:20:00,64,0.0,7,0.92,Resting
2025-12-11 21:25:00,66,0.0,9,1.02,Resting
2025-12-11 21:30:00,56,0.0,1,0.6,Resting
2025-12-11 21:35:00,64,0.0,5,0.84,Resting
2025-12-11 21:40:00,63,0.0,0,0.63,Resting
2025-12-11 21:45:00,65,0.0,1,0.69,Resting
2025-12-11 21:50:00,66,0.0,4,0.82,Resting
2025-12-11 21:55:00,62,0.0,4,0.78,Resting
2025-12-11 22:00:00,62,0.0,7,0.9,Resting
2025-12-11 22:05:00,63,0.0,3,0.75,Resting
2025-12-11 22:10:00,63,0.0,2,0.71,Resting
2025-12-11 22:15:00,64,0.0,0,0.64,Resting
2025-12-11 22:20:00,62,0.0,2,0.7,Resting
2025-12-11 22:25:00,77,0.0,7,1.05,Resting
2025-12-11 22:30:00,56,0.0,3,0.68,Resting
2025-12-11 22:35:00,69,0.0,2,0.77,Resting
2025-12-11 22:40:00,69,0.0,2,0.77,Resting
2025-12-11 22:45:00,63,0.0,2,0.71,Resting
2025-12-11 22:50:00,68,0.0,9,1.04,Resting
2025-12-11 22:55:00,61,0.0,3,0.73,Resting
2025-12-11 23:00:00,67,0.0,3,0.79,Resting
2025-12-11 23:05:00,68,0.0,3,0.8,Resting
2025-12-11 23:10:00,62,0.0,1,0.66,Resting
2025-12-11 23:15:00,61,0.0,9,0.97,Resting
2025-12-11 23:20:00,62,0.0,7,0.9,Resting
2025-12-11 23:25:00,68,0.0,1,0.72,Resting
2025-12-11 23:30:00,69,0.0,7,0.97,Resting
2025-12-11 23:35:00,70,0.0,9,1.06,Resting
2025-12-11 23:40:00,72,0.0,1,0.76,Resting
2025-12-11 23:45:00,66,0.0,0,0.66,Resting
2025-12-11 23:50:00,68,0.0,2,0.76,Resting
2025-12-11 23:55:00,67,0.0,3,0.79,Resting
2025-12-12 00:00:00,61,0.08,0,0.61,Sleeping
2025-12-12 00:05:00,55,0.17,8,0.87,Sleeping
2025-12-12 00:10:00,52,0.25,1,0.56,Sleeping
2025-12-12 00:15:00,57,0.33,3,0.69,Sleeping
2025-12-12 00:20:00,60,0.42,4,0.76,Sleeping
2025-12-12 00:25:00,54,0.5,9,0.9,Sleeping
2025-12-12 00:30:00,62,0.58,4,0.78,Sleeping
2025-12-12 00:35:00,55,0.67,5,0.75,Sleeping
2025-12-12 00:40:00,54,0.75,5,0.74,Sleeping
2025-12-12 00:45:00,56,0.83,2,0.64,Sleeping
2025-12-12 00:50:00,54,0.92,4,0.7,Sleeping
2025-12-12 00:55:00,56,1.0,3,0.68,Sleeping
2025-12-12 01:00:00,54,1.08,1,0.58,Sleeping
2025-12-12 01:05:00,66,1.17,0,0.66,Sleeping
2025-12-12 01:10:00,55,1.25,0,0.55,Sleeping
2025-12-12 01:15:00,51,1.33,9,0.87,Sleeping
2025-12-12 01:20:00,55,1.42,2,0.63,Sleeping
2025-12-12 01:25:00,56,1.5,4,0.72,Sleeping
2025-12-12 01:30:00,55,1.58,5,0.75,Sleeping
2025-12-12 01:35:00,51,1.67,9,0.87,Sleeping
2025-12-12 01:40:00,59,1.75,3,0.71,Sleeping
2025-12-12 01:45:00,52,1.83,3,0.64,Sleeping
2025-12-12 01:50:00,49,1.92,9,0.85,Sleeping
2025-12-12 01:55:00,64,2.0,6,0.88,Sleeping
2025-12-12 02:00:00,57,2.08,9,0.93,Sleeping
2025-12-12 02:05:00,53,2.17,4,0.69,Sleeping
2025-12-12 02:10:00,57,2.25,6,0.81,Sleeping
2025-12-12 02:15:00,58,2.33,8,0.9,Sleeping
2025-12-12 02:20:00,50,2.42,1,0.54,Sleeping
2025-12-12 02:25:00,53,2.5,3,0.65,Sleeping
2025-12-12 02:30:00,58,2.58,1,0.62,Sleeping
2025-12-12 02:35:00,54,2.67,4,0.7,Sleeping
2025-12-12 02:40:00,56,2.75,9,0.92,Sleeping
2025-12-12 02:45:00,52,2.83,5,0.72,Sleeping
2025-12-12 02:50:00,52,2.92,8,0.84,Sleeping
2025-12-12 02:55:00,53,3.0,3,0.65,Sleeping
2025-12-12 03:00:00,53,3.08,5,0.73,Sleeping
2025-12-12 03:05:00,50,3.17,1,0.54,Sleeping
2025-12-12 03:10:00,58,3.25,8,0.9,Sleeping
2025-12-12 03:15:00,57,3.33,5,0.77,Sleeping
2025-12-12 03:20:00,50,3.42,9,0.86,Sleeping
2025-12-12 03:25:00,50,3.5,1,0.54,Sleeping
2025-12-12 03:30:00,52,3.58,1,0.56,Sleeping
2025-12-12 03:35:00,52,3.67,4,0.68,Sleeping
2025-12-12 03:40:00,60,3.75,7,0.88,Sleeping
2025-12-12 03:45:00,50,3.83,6,0.74,Sleeping
2025-12-12 03:50:00,53,3.92,7,0.81,Sleeping
2025-12-12 03:55:00,60,4.0,4,0.76,Sleeping
2025-12-12 04:00:00,54,4.08,7,0.82,Sleeping
2025-12-12 04:05:00,49,4.17,9,0.85,Sleeping
2025-12-12 04:10:00,51,4.25,2,0.59,Sleeping
2025-12-12 04:15:00,62,4.33,2,0.7,Sleeping
2025-12-12 04:20:00,48,4.42,6,0.72,Sleeping
2025-12-12 04:25:00,61,4.5,5,0.81,Sleeping
2025-12-12 04:30:00,57,4.58,1,0.61,Sleeping
2025-12-12 04:35:00,51,4.67,5,0.71,Sleeping
2025-12-12 04:40:00,54,4.75,6,0.78,Sleeping
2025-12-12 04:45:00,52,4.83,3,0.64,Sleeping
2025-12-12 04:50:00,54,4.92,8,0.86,Sleeping
2025-12-12 04:55:00,52,5.0,2,0.6,Sleeping
2025-12-12 05:00:00,57,5.08,0,0.57,Sleeping
2025-12-12 05:05:00,57,5.17,9,0.93,Sleeping
2025-12-12 05:10:00,65,5.25,7,0.93,Sleeping
2025-12-12 05:15:00,56,5.33,9,0.92,Sleeping
2025-12-12 05:20:00,57,5.42,7,0.85,Sleeping
2025-12-12 05:25:00,56,5.5,4,0.72,Sleeping
2025-12-12 05:30:00,52,5.58,3,0.64,Sleeping
2025-12-12 05:35:00,56,5.67,1,0.6,Sleeping
2025-12-12 05:40:00,56,5.75,8,0.88,Sleeping
2025-12-12 05:45:00,57,5.83,9,0.93,Sleeping
2025-12-12 05:50:00,54,5.92,1,0.58,Sleeping
2025-12-12 05:55:00,52,6.0,3,0.64,Sleeping
2025-12-12 06:00:00,84,0.0,46,2.68,Walking
2025-12-12 06:05:00,83,0.0,47,2.71,Walking
2025-12-12 06:10:00,93,0.0,59,3.29,Walking
2025-12-12 06:15:00,92,0.0,67,3.6,Walking
2025-12-12 06:20:00,75,0.0,65,3.35,Walking
2025-12-12 06:25:00,84,0.0,64,3.4,Walking
2025-12-12 06:30:00,78,0.0,35,2.18,Walking
2025-12-12 06:35:00,88,0.0,44,2.64,Walking
2025-12-12 06:40:00,80,0.0,36,2.24,Walking
2025-12-12 06:45:00,87,0.0,52,2.95,Walking
2025-12-12 06:50:00,78,0.0,54,2.94,Walking
2025-12-12 06:55:00,79,0.0,52,2.87,Walking
2025-12-12 07:00:00,80,0.0,53,2.92,Walking
2025-12-12 07:05:00,87,0.0,36,2.31,Walking
2025-12-12 07:10:00,90,0.0,45,2.7,Walking
2025-12-12 07:15:00,88,0.0,31,2.12,Walking
2025-12-12 07:20:00,83,0.0,62,3.31,Walking
2025-12-12 07:25:00,82,0.0,60,3.22,Walking
2025-12-12 07:30:00,83,0.0,68,3.55,Walking
2025-12-12 07:35:00,86,0.0,68,3.58,Walking
2025-12-12 07:40:00,85,0.0,68,3.57,Walking
2025-12-12 07:45:00,80,0.0,32,2.08,Walking
2025-12-12 07:50:00,90,0.0,44,2.66,Walking
2025-12-12 07:55:00,86,0.0,52,2.94,Walking
2025-12-12 08:00:00,89,0.0,69,3.65,Walking
2025-12-12 08:05:00,84,0.0,56,3.08,Walking
2025-12-12 08:10:00,87,0.0,39,2.43,Walking
2025-12-12 08:15:00,89,0.0,48,2.81,Walking
2025-12-12 08:20:00,84,0.0,38,2.36,Walking
2025-12-12 08:25:00,84,0.0,37,2.32,Walking
2025-12-12 08:30:00,84,0.0,57,3.12,Walking
2025-12-12 08:35:00,81,0.0,45,2.61,Walking
2025-12-12 08:40:00,87,0.0,44,2.63,Walking
2025-12-12 08:45:00,82,0.0,36,2.26,Walking
2025-12-12 08:50:00,84,0.0,44,2.6,Walking
2025-12-12 08:55:00,87,0.0,62,3.35,Walking
2025-12-12 09:00:00,63,0.0,9,0.99,Resting
2025-12-12 09:05:00,63,0.0,9,0.99,Resting
2025-12-12 09:10:00,62,0.0,1,0.66,Resting
2025-12-12 09:15:00,59,0.0,9,0.95,Resting
2025-12-12 09:20:00,63,0.0,4,0.79,Resting
2025-12-12 09:25:00,63,0.0,4,0.79,Resting
2025-12-12 09:30:00,65,0.0,2,0.73,Resting
2025-12-12 09:35:00,72,0.0,1,0.76,Resting
2025-12-12 09:40:00,64,0.0,4,0.8,Resting
2025-12-12 09:45:00,66,0.0,1,0.7,Resting
2025-12-12 09:50:00,65,0.0,9,1.01,Resting
2025-12-12 09:55:00,60,0.0,3,0.72,Resting
2025-12-12 10:00:00,65,0.0,8,0.97,Resting
2025-12-12 10:05:00,61,0.0,6,0.85,Resting
2025-12-12 10:10:00,64,0.0,5,0.84,Resting
2025-12-12 10:15:00,65,0.0,4,0.81,Resting
2025-12-12 10:20:00,61,0.0,4,0.77,Resting
2025-12-12 10:25:00,61,0.0,5,0.81,Resting
2025-12-12 10:30:00,61,0.0,3,0.73,Resting
2025-12-12 10:35:00,66,0.0,2,0.74,Resting
2025-12-12 10:40:00,71,0.0,1,0.75,Resting
2025-12-12 10:45:00,65,0.0,2,0.73,Resting
2025-12-12 10:50:00,65,0.0,2,0.73,Resting
2025-12-12 10:55:00,67,0.0,3,0.79,Resting
2025-12-12 11:00:00,67,0.0,1,0.71,Resting
2025-12-12 11:05:00,59,0.0,3,0.71,Resting
2025-12-12 11:10:00,66,0.0,7,0.94,Resting
2025-12-12 11:15:00,68,0.0,7,0.96,Resting
2025-12-12 11:20:00,60,0.0,1,0.64,Resting
2025-12-12 11:25:00,61,0.0,8,0.93,Resting
2025-12-12 11:30:00,57,0.0,7,0.85,Resting
2025-12-12 11:35:00,56,0.0,5,0.76,Resting
2025-12-12 11:40:00,66,0.0,2,0.74,Resting
2025-12-12 11:45:00,63,0.0,9,0.99,Resting
2025-12-12 11:50:00,60,0.0,2,0.68,Resting
2025-12-12 11:55:00,66,0.0,5,0.86,Resting
2025-12-12 12:00:00,134,0.0,139,6.9,Running
2025-12-12 12:05:00,124,0.0,107,5.52,Running
2025-12-12 12:10:00,129,0.0,141,6.93,Running
2025-12-12 12:15:00,126,0.0,131,6.5,Running
2025-12-12 12:20:00,132,0.0,142,7.0,Running
2025-12-12 12:25:00,128,0.0,142,6.96,Running
2025-12-12 12:30:00,128,0.0,110,5.68,Running
2025-12-12 12:35:00,135,0.0,100,5.35,Running
2025-12-12 12:40:00,131,0.0,102,5.39,Running
2025-12-12 12:45:00,132,0.0,117,6.0,Running
2025-12-12 12:50:00,124,0.0,122,6.12,Running
2025-12-12 12:55:00,130,0.0,147,7.18,Running
2025-12-12 13:00:00,130,0.0,147,7.18,Running
2025-12-12 13:05:00,130,0.0,109,5.66,Running
2025-12-12 13:10:00,137,0.0,102,5.45,Running
2025-12-12 13:15:00,133,0.0,147,7.21,Running
2025-12-12 13:20:00,119,0.0,116,5.83,Running
2025-12-12 13:25:00,138,0.0,114,5.94,Running
2025-12-12 13:30:00,130,0.0,114,5.86,Running
2025-12-12 13:35:00,132,0.0,118,6.04,Running
2025-12-12 13:40:00,127,0.0,141,6.91,Running
2025-12-12 13:45:00,132,0.0,109,5.68,Running
2025-12-12 13:50:00,134,0.0,114,5.9,Running
2025-12-12 13:55:00,129,0.0,146,7.13,Running
2025-12-12 14:00:00,86,0.0,64,3.42,Walking
2025-12-12 14:05:00,88,0.0,44,2.64,Walking
2025-12-12 14:10:00,84,0.0,68,3.56,Walking
2025-12-12 14:15:00,88,0.0,32,2.16,Walking
2025-12-12 14:20:00,86,0.0,34,2.22,Walking
2025-12-12 14:25:00,80,0.0,30,2.0,Walking
2025-12-12 14:30:00,89,0.0,36,2.33,Walking
2025-12-12 14:35:00,88,0.0,39,2.44,Walking
2025-12-12 14:40:00,90,0.0,59,3.26,Walking
2025-12-12 14:45:00,83,0.0,69,3.59,Walking
2025-12-12 14:50:00,83,0.0,48,2.75,Walking
2025-12-12 14:55:00,88,0.0,31,2.12,Walking
2025-12-12 15:00:00,81,0.0,60,3.21,Walking
2025-12-12 15:05:00,83,0.0,49,2.79,Walking
2025-12-12 15:10:00,84,0.0,41,2.48,Walking
2025-12-12 15:15:00,88,0.0,62,3.36,Walking
2025-12-12 15:20:00,82,0.0,50,2.82,Walking
2025-12-12 15:25:00,80,0.0,43,2.52,Walking
2025-12-12 15:30:00,83,0.0,60,3.23,Walking
2025-12-12 15:35:00,73,0.0,51,2.77,Walking
2025-12-12 15:40:00,85,0.0,53,2.97,Walking
2025-12-12 15:45:00,98,0.0,34,2.34,Walking
2025-12-12 15:50:00,82,0.0,35,2.22,Walking
2025-12-12 15:55:00,90,0.0,33,2.22,Walking
2025-12-12 16:00:00,87,0.0,34,2.23,Walking
2025-12-12 16:05:00,91,0.0,39,2.47,Walking
2025-12-12 16:10:00,81,0.0,51,2.85,Walking
2025-12-12 16:15:00,91,0.0,33,2.23,Walking
2025-12-12 16:20:00,83,0.0,56,3.07,Walking
2025-12-12 16:25:00,83,0.0,39,2.39,Walking
2025-12-12 16:30:00,93,0.0,37,2.41,Walking
2025-12-12 16:35:00,81,0.0,66,3.45,Walking
2025-12-12 16:40:00,82,0.0,32,2.1,Walking
2025-12-12 16:45:00,86,0.0,32,2.14,Walking
2025-12-12 16:50:00,77,0.0,34,2.13,Walking
2025-12-12 16:55:00,75,0.0,51,2.79,Walking
2025-12-12 17:00:00,79,0.0,55,2.99,Walking
2025-12-12 17:05:00,82,0.0,55,3.02,Walking
2025-12-12 17:10:00,83,0.0,52,2.91,Walking
2025-12-12 17:15:00,86,0.0,37,2.34,Walking
2025-12-12 17:20:00,88,0.0,44,2.64,Walking
2025-12-12 17:25:00,83,0.0,67,3.51,Walking
2025-12-12 17:30:00,85,0.0,44,2.61,Walking
2025-12-12 17:35:00,86,0.0,59,3.22,Walking
2025-12-12 17:40:00,84,0.0,67,3.52,Walking
2025-12-12 17:45:00,82,0.0,42,2.5,Walking
2025-12-12 17:50:00,83,0.0,45,2.63,Walking
2025-12-12 17:55:00,80,0.0,52,2.88,Walking
2025-12-12 18:00:00,118,0.0,105,5.38,Workout
2025-12-12 18:05:00,118,0.0,73,4.1,Workout
2025-12-12 18:10:00,126,0.0,110,5.66,Workout
2025-12-12 18:15:00,123,0.0,86,4.67,Workout
2025-12-12 18:20:00,118,0.0,101,5.22,Workout
2025-12-12 18:25:00,120,0.0,89,4.76,Workout
2025-12-12 18:30:00,131,0.0,73,4.23,Workout
2025-12-12 18:35:00,113,0.0,90,4.73,Workout
2025-12-12 18:40:00,126,0.0,119,6.02,Workout
2025-12-12 18:45:00,118,0.0,67,3.86,Workout
2025-12-12 18:50:00,123,0.0,90,4.83,Workout
2025-12-12 18:55:00,119,0.0,65,3.79,Workout
2025-12-12 19:00:00,123,0.0,89,4.79,Workout
2025-12-12 19:05:00,124,0.0,118,5.96,Workout
2025-12-12 19:10:00,125,0.0,119,6.01,Workout
2025-12-12 19:15:00,119,0.0,76,4.23,Workout
2025-12-12 19:20:00,121,0.0,90,4.81,Workout
2025-12-12 19:25:00,122,0.0,70,4.02,Workout
2025-12-12 19:30:00,111,0.0,67,3.79,Workout
2025-12-12 19:35:00,129,0.0,73,4.21,Workout
2025-12-12 19:40:00,120,0.0,81,4.44,Workout
2025-12-12 19:45:00,114,0.0,103,5.26,Workout
2025-12-12 19:50:00,113,0.0,79,4.29,Workout
2025-12-12 19:55:00,121,0.0,80,4.41,Workout
2025-12-12 20:00:00,69,0.0,4,0.85,Resting
2025-12-12 20:05:00,67,0.0,2,0.75,Resting
2025-12-12 20:10:00,57,0.0,3,0.69,Resting
2025-12-12 20:15:00,61,0.0,9,0.97,Resting
2025-12-12 20:20:00,68,0.0,7,0.96,Resting
2025-12-12 20:25:00,61,0.0,8,0.93,Resting
2025-12-12 20:30:00,71,0.0,7,0.99,Resting
2025-12-12 20:35:00,63,0.0,3,0.75,Resting
2025-12-12 20:40:00,65,0.0,4,0.81,Resting
2025-12-12 20:45:00,63,0.0,7,0.91,Resting
2025-12-12 20:50:00,63,0.0,1,0.67,Resting
2025-12-12 20:55:00,68,0.0,1,0.72,Resting
2025-12-12 21:00:00,58,0.0,0,0.58,Resting
2025-12-12 21:05:00,62,0.0,7,0.9,Resting
2025-12-12 21:10:00,63,0.0,3,0.75,Resting
2025-12-12 21:15:00,64,0.0,2,0.72,Resting
2025-12-12 21:20:00,69,0.0,9,1.05,Resting
2025-12-12 21:25:00,62,0.0,3,0.74,Resting
2025-12-12 21:30:00,71,0.0,8,1.03,Resting
2025-12-12 21:35:00,63,0.0,8,0.95,Resting
2025-12-12 21:40:00,70,0.0,7,0.98,Resting
2025-12-12 21:45:00,66,0.0,2,0.74,Resting
2025-12-12 21:50:00,68,0.0,7,0.96,Resting
2025-12-12 21:55:00,62,0.0,2,0.7,Resting
2025-12-12 22:00:00,63,0.0,5,0.83,Resting
2025-12-12 22:05:00,68,0.0,5,0.88,Resting
2025-12-12 22:10:00,61,0.0,8,0.93,Resting
2025-12-12 22:15:00,60,0.0,6,0.84,Resting
2025-12-12 22:20:00,74,0.0,3,0.86,Resting
2025-12-12 22:25:00,61,0.0,3,0.73,Resting
2025-12-12 22:30:00,64,0.0,1,0.68,Resting
2025-12-12 22:35:00,68,0.0,7,0.96,Resting
2025-12-12 22:40:00,72,0.0,1,0.76,Resting
2025-12-12 22:45:00,71,0.0,1,0.75,Resting
2025-12-12 22:50:00,69,0.0,5,0.89,Resting
2025-12-12 22:55:00,67,0.0,5,0.87,Resting
2025-12-12 23:00:00,69,0.0,6,0.93,Resting
2025-12-12 23:05:00,69,0.0,5,0.89,Resting
2025-12-12 23:10:00,60,0.0,0,0.6,Resting
2025-12-12 23:15:00,71,0.0,2,0.79,Resting
2025-12-12 23:20:00,69,0.0,4,0.85,Resting
2025-12-12 23:25:00,67,0.0,3,0.79,Resting
2025-12-12 23:30:00,58,0.0,0,0.58,Resting
2025-12-12 23:35:00,59,0.0,7,0.87,Resting
2025-12-12 23:40:00,54,0.0,3,0.66,Resting
2025-12-12 23:45:00,60,0.0,0,0.6,Resting
2025-12-12 23:50:00,60,0.0,4,0.76,Resting
2025-12-12 23:55:00,64,0.0,4,0.8,Resting
2025-12-13 00:00:00,54,0.08,5,0.74,Sleeping
2025-12-13 00:05:00,51,0.17,8,0.83,Sleeping
2025-12-13 00:10:00,58,0.25,9,0.94,Sleeping
2025-12-13 00:15:00,51,0.33,6,0.75,Sleeping
2025-12-13 00:20:00,51,0.42,0,0.51,Sleeping
2025-12-13 00:25:00,56,0.5,0,0.56,Sleeping
2025-12-13 00:30:00,56,0.58,2,0.64,Sleeping
2025-12-13 00:35:00,53,0.67,9,0.89,Sleeping
2025-12-13 00:40:00,53,0.75,4,0.69,Sleeping
2025-12-13 00:45:00,59,0.83,4,0.75,Sleeping
2025-12-13 00:50:00,58,0.92,9,0.94,Sleeping
2025-12-13 00:55:00,51,1.0,8,0.83,Sleeping
2025-12-13 01:00:00,53,1.08,2,0.61,Sleeping
2025-12-13 01:05:00,51,1.17,6,0.75,Sleeping
2025-12-13 01:10:00,59,1.25,4,0.75,Sleeping
2025-12-13 01:15:00,54,1.33,0,0.54,Sleeping
2025-12-13 01:20:00,59,1.42,0,0.59,Sleeping
2025-12-13 01:25:00,53,1.5,3,0.65,Sleeping
2025-12-13 01:30:00,55,1.58,6,0.79,Sleeping
2025-12-13 01:35:00,57,1.67,6,0.81,Sleeping
2025-12-13 01:40:00,55,1.75,2,0.63,Sleeping
2025-12-13 01:45:00,54,1.83,5,0.74,Sleeping
2025-12-13 01:50:00,59,1.92,3,0.71,Sleeping
2025-12-13 01:55:00,51,2.0,8,0.83,Sleeping
2025-12-13 02:00:00,59,2.08,5,0.79,Sleeping
2025-12-13 02:05:00,59,2.17,1,0.63,Sleeping
2025-12-13 02:10:00,57,2.25,8,0.89,Sleeping
2025-12-13 02:15:00,57,2.33,8,0.89,Sleeping
2025-12-13 02:20:00,58,2.42,0,0.58,Sleeping
2025-12-13 02:25:00,62,2.5,6,0.86,Sleeping
2025-12-13 02:30:00,52,2.58,9,0.88,Sleeping
2025-12-13 02:35:00,53,2.67,8,0.85,Sleeping
2025-12-13 02:40:00,59,2.75,9,0.95,Sleeping
2025-12-13 02:45:00,52,2.83,0,0.52,Sleeping
2025-12-13 02:50:00,56,2.92,9,0.92,Sleeping
2025-12-13 02:55:00,56,3.0,3,0.68,Sleeping
2025-12-13 03:00:00,57,3.08,1,0.61,Sleeping
2025-12-13 03:05:00,54,3.17,1,0.58,Sleeping
2025-12-13 03:10:00,55,3.25,1,0.59,Sleeping
2025-12-13 03:15:00,56,3.33,5,0.76,Sleeping
2025-12-13 03:20:00,56,3.42,6,0.8,Sleeping
2025-12-13 03:25:00,56,3.5,3,0.68,Sleeping
2025-12-13 03:30:00,47,3.58,5,0.67,Sleeping
2025-12-13 03:35:00,57,3.67,5,0.77,Sleeping
2025-12-13 03:40:00,59,3.75,0,0.59,Sleeping
2025-12-13 03:45:00,57,3.83,9,0.93,Sleeping
2025-12-13 03:50:00,56,3.92,9,0.92,Sleeping
2025-12-13 03:55:00,55,4.0,1,0.59,Sleeping
2025-12-13 04:00:00,53,4.08,3,0.65,Sleeping
2025-12-13 04:05:00,51,4.17,7,0.79,Sleeping
2025-12-13 04:10:00,54,4.25,6,0.78,Sleeping
2025-12-13 04:15:00,61,4.33,2,0.69,Sleeping
2025-12-13 04:20:00,58,4.42,8,0.9,Sleeping
2025-12-13 04:25:00,53,4.5,4,0.69,Sleeping
2025-12-13 04:30:00,59,4.58,3,0.71,Sleeping
2025-12-13 04:35:00,56,4.67,1,0.6,Sleeping
2025-12-13 04:40:00,49,4.75,2,0.57,Sleeping
2025-12-13 04:45:00,49,4.83,3,0.61,Sleeping
2025-12-13 04:50:00,56,4.92,2,0.64,Sleeping
2025-12-13 04:55:00,55,5.0,4,0.71,Sleeping
2025-12-13 05:00:00,60,5.08,7,0.88,Sleeping
2025-12-13 05:05:00,59,5.17,8,0.91,Sleeping
2025-12-13 05:10:00,57,5.25,2,0.65,Sleeping
2025-12-13 05:15:00,59,5.33,2,0.67,Sleeping
2025-12-13 05:20:00,45,5.42,4,0.6,Sleeping
2025-12-13 05:25:00,45,5.5,8,0.75,Sleeping
2025-12-13 05:30:00,62,5.58,4,0.78,Sleeping
2025-12-13 05:35:00,56,5.67,4,0.72,Sleeping
2025-12-13 05:40:00,57,5.75,6,0.81,Sleeping
2025-12-13 05:45:00,52,5.83,8,0.84,Sleeping
2025-12-13 05:50:00,57,5.92,0,0.57,Sleeping
2025-12-13 05:55:00,56,6.0,1,0.6,Sleeping
2025-12-13 06:00:00,88,0.0,60,3.28,Walking
2025-12-13 06:05:00,91,0.0,44,2.67,Walking
2025-12-13 06:10:00,86,0.0,51,2.9,Walking
2025-12-13 06:15:00,84,0.0,33,2.16,Walking
2025-12-13 06:20:00,79,0.0,67,3.47,Walking
2025-12-13 06:25:00,86,0.0,51,2.9,Walking
2025-12-13 06:30:00,90,0.0,62,3.38,Walking
2025-12-13 06:35:00,94,0.0,55,3.14,Walking
2025-12-13 06:40:00,84,0.0,48,2.76,Walking
2025-12-13 06:45:00,95,0.0,43,2.67,Walking
2025-12-13 06:50:00,79,0.0,43,2.51,Walking
2025-12-13 06:55:00,84,0.0,63,3.36,Walking
2025-12-13 07:00:00,88,0.0,44,2.64,Walking
2025-12-13 07:05:00,85,0.0,37,2.33,Walking
2025-12-13 07:10:00,80,0.0,64,3.36,Walking
2025-12-13 07:15:00,86,0.0,63,3.38,Walking
2025-12-13 07:20:00,88,0.0,54,3.04,Walking
2025-12-13 07:25:00,87,0.0,40,2.47,Walking
2025-12-13 07:30:00,82,0.0,60,3.22,Walking
2025-12-13 07:35:00,84,0.0,68,3.56,Walking
2025-12-13 07:40:00,85,0.0,54,3.01,Walking
2025-12-13 07:45:00,89,0.0,53,3.01,Walking
2025-12-13 07:50:00,82,0.0,60,3.22,Walking
2025-12-13 07:55:00,79,0.0,31,2.03,Walking
2025-12-13 08:00:00,81,0.0,41,2.45,Walking
2025-12-13 08:05:00,81,0.0,48,2.73,Walking
2025-12-13 08:10:00,75,0.0,43,2.47,Walking
2025-12-13 08:15:00,85,0.0,68,3.57,Walking
2025-12-13 08:20:00,80,0.0,52,2.88,Walking
2025-12-13 08:25:00,91,0.0,40,2.51,Walking
2025-12-13 08:30:00,75,0.0,68,3.47,Walking
2025-12-13 08:35:00,87,0.0,39,2.43,Walking
2025-12-13 08:40:00,92,0.0,48,2.84,Walking
2025-12-13 08:45:00,79,0.0,54,2.95,Walking
2025-12-13 08:50:00,82,0.0,35,2.22,Walking
2025-12-13 08:55:00,76,0.0,67,3.44,Walking
2025-12-13 09:00:00,69,0.0,9,1.05,Resting
2025-12-13 09:05:00,67,0.0,2,0.75,Resting
2025-12-13 09:10:00,64,0.0,8,0.96,Resting
2025-12-13 09:15:00,62,0.0,6,0.86,Resting
2025-12-13 09:20:00,61,0.0,9,0.97,Resting
2025-12-13 09:25:00,61,0.0,8,0.93,Resting
2025-12-13 09:30:00,64,0.0,6,0.88,Resting
2025-12-13 09:35:00,74,0.0,2,0.82,Resting
2025-12-13 09:40:00,62,0.0,2,0.7,Resting
2025-12-13 09:45:00,71,0.0,3,0.83,Resting
2025-12-13 09:50:00,73,0.0,9,1.09,Resting
2025-12-13 09:55:00,66,0.0,0,0.66,Resting
2025-12-13 10:00:00,68,0.0,0,0.68,Resting
2025-12-13 10:05:00,67,0.0,8,0.99,Resting
2025-12-13 10:10:00,57,0.0,5,0.77,Resting
2025-12-13 10:15:00,66,0.0,4,0.82,Resting
2025-12-13 10:20:00,78,0.0,8,1.1,Resting
2025-12-13 10:25:00,64,0.0,1,0.68,Resting
2025-12-13 10:30:00,74,0.0,0,0.74,Resting
2025-12-13 10:35:00,57,0.0,8,0.89,Resting
2025-12-13 10:40:00,69,0.0,9,1.05,Resting
2025-12-13 10:45:00,67,0.0,6,0.91,Resting
2025-12-13 10:50:00,62,0.0,2,0.7,Resting
2025-12-13 10:55:00,65,0.0,5,0.85,Resting
2025-12-13 11:00:00,69,0.0,5,0.89,Resting
2025-12-13 11:05:00,66,0.0,7,0.94,Resting
2025-12-13 11:10:00,66,0.0,3,0.78,Resting
2025-12-13 11:15:00,67,0.0,0,0.67,Resting
2025-12-13 11:20:00,69,0.0,1,0.73,Resting
2025-12-13 11:25:00,60,0.0,0,0.6,Resting
2025-12-13 11:30:00,61,0.0,6,0.85,Resting
2025-12-13 11:35:00,60,0.0,8,0.92,Resting
2025-12-13 11:40:00,66,0.0,4,0.82,Resting
2025-12-13 11:45:00,66,0.0,6,0.9,Resting
2025-12-13 11:50:00,78,0.0,7,1.06,Resting
2025-12-13 11:55:00,64,0.0,4,0.8,Resting
2025-12-13 12:00:00,134,0.0,121,6.18,Running
2025-12-13 12:05:00,130,0.0,126,6.34,Running
2025-12-13 12:10:00,130,0.0,144,7.06,Running
2025-12-13 12:15:00,133,0.0,138,6.85,Running
2025-12-13 12:20:00,123,0.0,145,7.03,Running
2025-12-13 12:25:00,129,0.0,114,5.85,Running
2025-12-13 12:30:00,128,0.0,148,7.2,Running
2025-12-13 12:35:00,127,0.0,124,6.23,Running
2025-12-13 12:40:00,129,0.0,105,5.49,Running
2025-12-13 12:45:00,132,0.0,132,6.6,Running
2025-12-13 12:50:00,127,0.0,101,5.31,Running
2025-12-13 12:55:00,129,0.0,147,7.17,Running
2025-12-13 13:00:00,134,0.0,108,5.66,Running
2025-12-13 13:05:00,124,0.0,141,6.88,Running
2025-12-13 13:10:00,126,0.0,149,7.22,Running
2025-12-13 13:15:00,136,0.0,120,6.16,Running
2025-12-13 13:20:00,126,0.0,106,5.5,Running
2025-12-13 13:25:00,120,0.0,131,6.44,Running
2025-12-13 13:30:00,136,0.0,116,6.0,Running
2025-12-13 13:35:00,130,0.0,130,6.5,Running
2025-12-13 13:40:00,134,0.0,140,6.94,Running
2025-12-13 13:45:00,131,0.0,128,6.43,Running
2025-12-13 13:50:00,128,0.0,134,6.64,Running
2025-12-13 13:55:00,129,0.0,143,7.01,Running
2025-12-13 14:00:00,83,0.0,57,3.11,Walking
2025-12-13 14:05:00,91,0.0,47,2.79,Walking
2025-12-13 14:10:00,88,0.0,44,2.64,Walking
2025-12-13 14:15:00,79,0.0,65,3.39,Walking
2025-12-13 14:20:00,85,0.0,69,3.61,Walking
2025-12-13 14:25:00,80,0.0,42,2.48,Walking
2025-12-13 14:30:00,84,0.0,47,2.72,Walking
2025-12-13 14:35:00,85,0.0,45,2.65,Walking
2025-12-13 14:40:00,82,0.0,49,2.78,Walking
2025-12-13 14:45:00,82,0.0,69,3.58,Walking
2025-12-13 14:50:00,83,0.0,45,2.63,Walking
2025-12-13 14:55:00,88,0.0,47,2.76,Walking
2025-12-13 15:00:00,85,0.0,60,3.25,Walking
2025-12-13 15:05:00,83,0.0,38,2.35,Walking
2025-12-13 15:10:00,86,0.0,35,2.26,Walking
2025-12-13 15:15:00,91,0.0,33,2.23,Walking
2025-12-13 15:20:00,84,0.0,67,3.52,Walking
2025-12-13 15:25:00,95,0.0,43,2.67,Walking
2025-12-13 15:30:00,85,0.0,36,2.29,Walking
2025-12-13 15:35:00,89,0.0,48,2.81,Walking
2025-12-13 15:40:00,87,0.0,69,3.63,Walking
2025-12-13 15:45:00,84,0.0,42,2.52,Walking
2025-12-13 15:50:00,78,0.0,35,2.18,Walking
2025-12-13 15:55:00,87,0.0,39,2.43,Walking
2025-12-13 16:00:00,81,0.0,51,2.85,Walking
2025-12-13 16:05:00,84,0.0,49,2.8,Walking
2025-12-13 16:10:00,81,0.0,30,2.01,Walking
2025-12-13 16:15:00,85,0.0,56,3.09,Walking
2025-12-13 16:20:00,87,0.0,53,2.99,Walking
2025-12-13 16:25:00,87,0.0,55,3.07,Walking
2025-12-13 16:30:00,85,0.0,61,3.29,Walking
2025-12-13 16:35:00,82,0.0,51,2.86,Walking
2025-12-13 16:40:00,85,0.0,47,2.73,Walking
2025-12-13 16:45:00,89,0.0,34,2.25,Walking
2025-12-13 16:50:00,88,0.0,42,2.56,Walking
2025-12-13 16:55:00,90,0.0,31,2.14,Walking
2025-12-13 17:00:00,86,0.0,57,3.14,Walking
2025-12-13 17:05:00,80,0.0,53,2.92,Walking
2025-12-13 17:10:00,82,0.0,34,2.18,Walking
2025-12-13 17:15:00,84,0.0,64,3.4,Walking
2025-12-13 17:20:00,80,0.0,38,2.32,Walking
2025-12-13 17:25:00,80,0.0,39,2.36,Walking
2025-12-13 17:30:00,86,0.0,63,3.38,Walking
2025-12-13 17:35:00,82,0.0,39,2.38,Walking
2025-12-13 17:40:00,87,0.0,61,3.31,Walking
2025-12-13 17:45:00,86,0.0,33,2.18,Walking
2025-12-13 17:50:00,91,0.0,42,2.59,Walking
2025-12-13 17:55:00,79,0.0,32,2.07,Walking
2025-12-13 18:00:00,116,0.0,72,4.04,Workout
2025-12-13 18:05:00,120,0.0,66,3.84,Workout
2025-12-13 18:10:00,114,0.0,71,3.98,Workout
2025-12-13 18:15:00,116,0.0,108,5.48,Workout
2025-12-13 18:20:00,121,0.0,108,5.53,Workout
2025-12-13 18:25:00,121,0.0,109,5.57,Workout
2025-12-13 18:30:00,121,0.0,68,3.93,Workout
2025-12-13 18:35:00,118,0.0,63,3.7,Workout
2025-12-13 18:40:00,119,0.0,108,5.51,Workout
2025-12-13 18:45:00,120,0.0,86,4.64,Workout
2025-12-13 18:50:00,121,0.0,99,5.17,Workout
2025-12-13 18:55:00,117,0.0,116,5.81,Workout
2025-12-13 19:00:00,114,0.0,111,5.58,Workout
2025-12-13 19:05:00,116,0.0,107,5.44,Workout
2025-12-13 19:10:00,113,0.0,105,5.33,Workout
2025-12-13 19:15:00,117,0.0,109,5.53,Workout
2025-12-13 19:20:00,118,0.0,93,4.9,Workout
2025-12-13 19:25:00,113,0.0,103,5.25,Workout
2025-12-13 19:30:00,112,0.0,76,4.16,Workout
2025-12-13 19:35:00,126,0.0,61,3.7,Workout
2025-12-13 19:40:00,117,0.0,97,5.05,Workout
2025-12-13 19:45:00,118,0.0,82,4.46,Workout
2025-12-13 19:50:00,123,0.0,90,4.83,Workout
2025-12-13 19:55:00,122,0.0,83,4.54,Workout
2025-12-13 20:00:00,68,0.0,2,0.76,Resting
2025-12-13 20:05:00,66,0.0,0,0.66,Resting
2025-12-13 20:10:00,65,0.0,9,1.01,Resting
2025-12-13 20:15:00,66,0.0,0,0.66,Resting
2025-12-13 20:20:00,67,0.0,1,0.71,Resting
2025-12-13 20:25:00,69,0.0,9,1.05,Resting
2025-12-13 20:30:00,58,0.0,6,0.82,Resting
2025-12-13 20:35:00,68,0.0,8,1.0,Resting
2025-12-13 20:40:00,68,0.0,0,0.68,Resting
2025-12-13 20:45:00,67,0.0,0,0.67,Resting
2025-12-13 20:50:00,69,0.0,7,0.97,Resting
2025-12-13 20:55:00,69,0.0,2,0.77,Resting
2025-12-13 21:00:00,65,0.0,7,0.93,Resting
2025-12-13 21:05:00,74,0.0,5,0.94,Resting
2025-12-13 21:10:00,66,0.0,0,0.66,Resting
2025-12-13 21:15:00,68,0.0,5,0.88,Resting
2025-12-13 21:20:00,64,0.0,2,0.72,Resting
2025-12-13 21:25:00,60,0.0,3,0.72,Resting
2025-12-13 21:30:00,65,0.0,7,0.93,Resting
2025-12-13 21:35:00,58,0.0,3,0.7,Resting
2025-12-13 21:40:00,63,0.0,1,0.67,Resting
2025-12-13 21:45:00,65,0.0,3,0.77,Resting
2025-12-13 21:50:00,60,0.0,1,0.64,Resting
2025-12-13 21:55:00,70,0.0,1,0.74,Resting
2025-12-13 22:00:00,70,0.0,5,0.9,Resting
2025-12-13 22:05:00,61,0.0,3,0.73,Resting
2025-12-13 22:10:00,65,0.0,0,0.65,Resting
2025-12-13 22:15:00,64,0.0,0,0.64,Resting
2025-12-13 22:20:00,61,0.0,3,0.73,Resting
2025-12-13 22:25:00,67,0.0,2,0.75,Resting
2025-12-13 22:30:00,59,0.0,8,0.91,Resting
2025-12-13 22:35:00,61,0.0,1,0.65,Resting
2025-12-13 22:40:00,67,0.0,3,0.79,Resting
2025-12-13 22:45:00,62,0.0,3,0.74,Resting
2025-12-13 22:50:00,59,0.0,0,0.59,Resting
2025-12-13 22:55:00,73,0.0,3,0.85,Resting
2025-12-13 23:00:00,60,0.0,0,0.6,Resting
2025-12-13 23:05:00,68,0.0,2,0.76,Resting
2025-12-13 23:10:00,70,0.0,3,0.82,Resting
2025-12-13 23:15:00,66,0.0,7,0.94,Resting
2025-12-13 23:20:00,69,0.0,0,0.69,Resting
2025-12-13 23:25:00,65,0.0,7,0.93,Resting
2025-12-13 23:30:00,67,0.0,2,0.75,Resting
2025-12-13 23:35:00,59,0.0,2,0.67,Resting
2025-12-13 23:40:00,60,0.0,6,0.84,Resting
2025-12-13 23:45:00,74,0.0,7,1.02,Resting
2025-12-13 23:50:00,61,0.0,3,0.73,Resting
2025-12-13 23:55:00,69,0.0,0,0.69,Resting
2025-12-14 00:00:00,53,0.08,9,0.89,Sleeping
2025-12-14 00:05:00,51,0.17,7,0.79,Sleeping
2025-12-14 00:10:00,53,0.25,5,0.73,Sleeping
2025-12-14 00:15:00,57,0.33,5,0.77,Sleeping
2025-12-14 00:20:00,52,0.42,1,0.56,Sleeping
2025-12-14 00:25:00,53,0.5,5,0.73,Sleeping
2025-12-14 00:30:00,46,0.58,1,0.5,Sleeping
2025-12-14 00:35:00,55,0.67,1,0.59,Sleeping
2025-12-14 00:40:00,54,0.75,2,0.62,Sleeping
2025-12-14 00:45:00,50,0.83,8,0.82,Sleeping
2025-12-14 00:50:00,49,0.92,5,0.69,Sleeping
2025-12-14 00:55:00,57,1.0,6,0.81,Sleeping
2025-12-14 01:00:00,55,1.08,6,0.79,Sleeping
2025-12-14 01:05:00,51,1.17,4,0.67,Sleeping
2025-12-14 01:10:00,51,1.25,5,0.71,Sleeping
2025-12-14 01:15:00,60,1.33,6,0.84,Sleeping
2025-12-14 01:20:00,47,1.42,2,0.55,Sleeping
2025-12-14 01:25:00,59,1.5,5,0.79,Sleeping
2025-12-14 01:30:00,56,1.58,4,0.72,Sleeping
2025-12-14 01:35:00,45,1.67,2,0.53,Sleeping
2025-12-14 01:40:00,51,1.75,6,0.75,Sleeping
2025-12-14 01:45:00,55,1.83,6,0.79,Sleeping
2025-12-14 01:50:00,52,1.92,6,0.76,Sleeping
2025-12-14 01:55:00,51,2.0,9,0.87,Sleeping
2025-12-14 02:00:00,50,2.08,1,0.54,Sleeping
2025-12-14 02:05:00,56,2.17,0,0.56,Sleeping
2025-12-14 02:10:00,45,2.25,1,0.49,Sleeping
2025-12-14 02:15:00,56,2.33,6,0.8,Sleeping
2025-12-14 02:20:00,54,2.42,7,0.82,Sleeping
2025-12-14 02:25:00,55,2.5,4,0.71,Sleeping
2025-12-14 02:30:00,57,2.58,4,0.73,Sleeping
2025-12-14 02:35:00,54,2.67,5,0.74,Sleeping
2025-12-14 02:40:00,62,2.75,4,0.78,Sleeping
2025-12-14 02:45:00,59,2.83,9,0.95,Sleeping
2025-12-14 02:50:00,61,2.92,8,0.93,Sleeping
2025-12-14 02:55:00,62,3.0,4,0.78,Sleeping
2025-12-14 03:00:00,49,3.08,1,0.53,Sleeping
2025-12-14 03:05:00,53,3.17,2,0.61,Sleeping
2025-12-14 03:10:00,55,3.25,0,0.55,Sleeping
2025-12-14 03:15:00,54,3.33,1,0.58,Sleeping
2025-12-14 03:20:00,56,3.42,9,0.92,Sleeping
2025-12-14 03:25:00,53,3.5,6,0.77,Sleeping
2025-12-14 03:30:00,56,3.58,5,0.76,Sleeping
2025-12-14 03:35:00,55,3.67,3,0.67,Sleeping
2025-12-14 03:40:00,51,3.75,1,0.55,Sleeping
2025-12-14 03:45:00,59,3.83,8,0.91,Sleeping
2025-12-14 03:50:00,56,3.92,6,0.8,Sleeping
2025-12-14 03:55:00,54,4.0,0,0.54,Sleeping
2025-12-14 04:00:00,59,4.08,0,0.59,Sleeping
2025-12-14 04:05:00,55,4.17,2,0.63,Sleeping
2025-12-14 04:10:00,58,4.25,9,0.94,Sleeping
2025-12-14 04:15:00,58,4.33,3,0.7,Sleeping
2025-12-14 04:20:00,47,4.42,9,0.83,Sleeping
2025-12-14 04:25:00,57,4.5,9,0.93,Sleeping
2025-12-14 04:30:00,53,4.58,8,0.85,Sleeping
2025-12-14 04:35:00,58,4.67,5,0.78,Sleeping
2025-12-14 04:40:00,59,4.75,6,0.83,Sleeping
2025-12-14 04:45:00,63,4.83,8,0.95,Sleeping
2025-12-14 04:50:00,57,4.92,6,0.81,Sleeping
2025-12-14 04:55:00,54,5.0,6,0.78,Sleeping
2025-12-14 05:00:00,54,5.08,5,0.74,Sleeping
2025-12-14 05:05:00,50,5.17,9,0.86,Sleeping
2025-12-14 05:10:00,56,5.25,2,0.64,Sleeping
2025-12-14 05:15:00,65,5.33,4,0.81,Sleeping
2025-12-14 05:20:00,53,5.42,2,0.61,Sleeping
2025-12-14 05:25:00,56,5.5,7,0.84,Sleeping
2025-12-14 05:30:00,50,5.58,0,0.5,Sleeping
2025-12-14 05:35:00,60,5.67,2,0.68,Sleeping
2025-12-14 05:40:00,56,5.75,7,0.84,Sleeping
2025-12-14 05:45:00,55,5.83,7,0.83,Sleeping
2025-12-14 05:50:00,55,5.92,9,0.91,Sleeping
2025-12-14 05:55:00,61,6.0,2,0.69,Sleeping
2025-12-14 06:00:00,89,0.0,35,2.29,Walking
2025-12-14 06:05:00,86,0.0,47,2.74,Walking
2025-12-14 06:10:00,91,0.0,35,2.31,Walking
2025-12-14 06:15:00,85,0.0,45,2.65,Walking
2025-12-14 06:20:00,86,0.0,63,3.38,Walking
2025-12-14 06:25:00,78,0.0,62,3.26,Walking
2025-12-14 06:30:00,80,0.0,67,3.48,Walking
2025-12-14 06:35:00,85,0.0,36,2.29,Walking
2025-12-14 06:40:00,83,0.0,68,3.55,Walking
2025-12-14 06:45:00,82,0.0,37,2.3,Walking
2025-12-14 06:50:00,76,0.0,34,2.12,Walking
2025-12-14 06:55:00,87,0.0,37,2.35,Walking
2025-12-14 07:00:00,81,0.0,40,2.41,Walking
2025-12-14 07:05:00,91,0.0,39,2.47,Walking
2025-12-14 07:10:00,91,0.0,38,2.43,Walking
2025-12-14 07:15:00,87,0.0,63,3.39,Walking
2025-12-14 07:20:00,84,0.0,51,2.88,Walking
2025-12-14 07:25:00,84,0.0,68,3.56,Walking
2025-12-14 07:30:00,84,0.0,54,3.0,Walking
2025-12-14 07:35:00,83,0.0,50,2.83,Walking
2025-12-14 07:40:00,84,0.0,34,2.2,Walking
2025-12-14 07:45:00,80,0.0,58,3.12,Walking
2025-12-14 07:50:00,78,0.0,61,3.22,Walking
2025-12-14 07:55:00,79,0.0,52,2.87,Walking
2025-12-14 08:00:00,85,0.0,31,2.09,Walking
2025-12-14 08:05:00,73,0.0,49,2.69,Walking
2025-12-14 08:10:00,84,0.0,37,2.32,Walking
2025-12-14 08:15:00,74,0.0,55,2.94,Walking
2025-12-14 08:20:00,86,0.0,61,3.3,Walking
2025-12-14 08:25:00,90,0.0,61,3.34,Walking
2025-12-14 08:30:00,82,0.0,64,3.38,Walking
2025-12-14 08:35:00,82,0.0,48,2.74,Walking
2025-12-14 08:40:00,83,0.0,44,2.59,Walking
2025-12-14 08:45:00,85,0.0,35,2.25,Walking
2025-12-14 08:50:00,90,0.0,40,2.5,Walking
2025-12-14 08:55:00,85,0.0,30,2.05,Walking
2025-12-14 09:00:00,66,0.0,8,0.98,Resting
2025-12-14 09:05:00,70,0.0,3,0.82,Resting
2025-12-14 09:10:00,69,0.0,9,1.05,Resting
2025-12-14 09:15:00,72,0.0,3,0.84,Resting
2025-12-14 09:20:00,63,0.0,0,0.63,Resting
2025-12-14 09:25:00,63,0.0,9,0.99,Resting
2025-12-14 09:30:00,61,0.0,6,0.85,Resting
2025-12-14 09:35:00,65,0.0,7,0.93,Resting
2025-12-14 09:40:00,68,0.0,6,0.92,Resting
2025-12-14 09:45:00,73,0.0,8,1.05,Resting
2025-12-14 09:50:00,67,0.0,5,0.87,Resting
2025-12-14 09:55:00,68,0.0,2,0.76,Resting
2025-12-14 10:00:00,63,0.0,9,0.99,Resting
2025-12-14 10:05:00,67,0.0,5,0.87,Resting
2025-12-14 10:10:00,63,0.0,5,0.83,Resting
2025-12-14 10:15:00,62,0.0,4,0.78,Resting
2025-12-14 10:20:00,60,0.0,3,0.72,Resting
2025-12-14 10:25:00,66,0.0,2,0.74,Resting
2025-12-14 10:30:00,62,0.0,8,0.94,Resting
2025-12-14 10:35:00,60,0.0,1,0.64,Resting
2025-12-14 10:40:00,63,0.0,5,0.83,Resting
2025-12-14 10:45:00,64,0.0,1,0.68,Resting
2025-12-14 10:50:00,63,0.0,5,0.83,Resting
2025-12-14 10:55:00,61,0.0,8,0.93,Resting
2025-12-14 11:00:00,67,0.0,3,0.79,Resting
2025-12-14 11:05:00,61,0.0,0,0.61,Resting
2025-12-14 11:10:00,63,0.0,9,0.99,Resting
2025-12-14 11:15:00,63,0.0,8,0.95,Resting
2025-12-14 11:20:00,60,0.0,0,0.6,Resting
2025-12-14 11:25:00,68,0.0,2,0.76,Resting
2025-12-14 11:30:00,63,0.0,0,0.63,Resting
2025-12-14 11:35:00,70,0.0,5,0.9,Resting
2025-12-14 11:40:00,64,0.0,0,0.64,Resting
2025-12-14 11:45:00,63,0.0,3,0.75,Resting
2025-12-14 11:50:00,61,0.0,0,0.61,Resting
2025-12-14 11:55:00,67,0.0,5,0.87,Resting
2025-12-14 12:00:00,133,0.0,121,6.17,Running
2025-12-14 12:05:00,129,0.0,135,6.69,Running
2025-12-14 12:10:00,130,0.0,141,6.94,Running
2025-12-14 12:15:00,138,0.0,107,5.66,Running
2025-12-14 12:20:00,133,0.0,111,5.77,Running
2025-12-14 12:25:00,125,0.0,118,5.97,Running
2025-12-14 12:30:00,122,0.0,145,7.02,Running
2025-12-14 12:35:00,128,0.0,129,6.44,Running
2025-12-14 12:40:00,126,0.0,118,5.98,Running
2025-12-14 12:45:00,129,0.0,132,6.57,Running
2025-12-14 12:50:00,130,0.0,111,5.74,Running
2025-12-14 12:55:00,128,0.0,129,6.44,Running
2025-12-14 13:00:00,120,0.0,119,5.96,Running
2025-12-14 13:05:00,136,0.0,130,6.56,Running
2025-12-14 13:10:00,137,0.0,127,6.45,Running
2025-12-14 13:15:00,133,0.0,132,6.61,Running
2025-12-14 13:20:00,126,0.0,115,5.86,Running
2025-12-14 13:25:00,127,0.0,107,5.55,Running
2025-12-14 13:30:00,127,0.0,125,6.27,Running
2025-12-14 13:35:00,128,0.0,123,6.2,Running
2025-12-14 13:40:00,133,0.0,140,6.93,Running
2025-12-14 13:45:00,137,0.0,138,6.89,Running
2025-12-14 13:50:00,128,0.0,141,6.92,Running
2025-12-14 13:55:00,126,0.0,116,5.9,Running
2025-12-14 14:00:00,83,0.0,39,2.39,Walking
2025-12-14 14:05:00,79,0.0,65,3.39,Walking
2025-12-14 14:10:00,85,0.0,41,2.49,Walking
2025-12-14 14:15:00,83,0.0,44,2.59,Walking
2025-12-14 14:20:00,84,0.0,64,3.4,Walking
2025-12-14 14:25:00,82,0.0,60,3.22,Walking
2025-12-14 14:30:00,88,0.0,69,3.64,Walking
2025-12-14 14:35:00,82,0.0,32,2.1,Walking
2025-12-14 14:40:00,86,0.0,58,3.18,Walking
2025-12-14 14:45:00,80,0.0,53,2.92,Walking
2025-12-14 14:50:00,85,0.0,35,2.25,Walking
2025-12-14 14:55:00,85,0.0,62,3.33,Walking
2025-12-14 15:00:00,82,0.0,33,2.14,Walking
2025-12-14 15:05:00,76,0.0,53,2.88,Walking
2025-12-14 15:10:00,89,0.0,34,2.25,Walking
2025-12-14 15:15:00,87,0.0,41,2.51,Walking
2025-12-14 15:20:00,86,0.0,67,3.54,Walking
2025-12-14 15:25:00,87,0.0,32,2.15,Walking
2025-12-14 15:30:00,83,0.0,67,3.51,Walking
2025-12-14 15:35:00,90,0.0,57,3.18,Walking
2025-12-14 15:40:00,90,0.0,34,2.26,Walking
2025-12-14 15:45:00,81,0.0,48,2.73,Walking
2025-12-14 15:50:00,90,0.0,62,3.38,Walking
2025-12-14 15:55:00,80,0.0,61,3.24,Walking
2025-12-14 16:00:00,82,0.0,68,3.54,Walking
2025-12-14 16:05:00,84,0.0,62,3.32,Walking
2025-12-14 16:10:00,79,0.0,67,3.47,Walking
2025-12-14 16:15:00,88,0.0,39,2.44,Walking
2025-12-14 16:20:00,90,0.0,51,2.94,Walking
2025-12-14 16:25:00,87,0.0,35,2.27,Walking
2025-12-14 16:30:00,81,0.0,54,2.97,Walking
2025-12-14 16:35:00,94,0.0,66,3.58,Walking
2025-12-14 16:40:00,96,0.0,55,3.16,Walking
2025-12-14 16:45:00,86,0.0,69,3.62,Walking
2025-12-14 16:50:00,88,0.0,63,3.4,Walking
2025-12-14 16:55:00,78,0.0,54,2.94,Walking
2025-12-14 17:00:00,84,0.0,53,2.96,Walking
2025-12-14 17:05:00,87,0.0,42,2.55,Walking
2025-12-14 17:10:00,90,0.0,35,2.3,Walking
2025-12-14 17:15:00,89,0.0,55,3.09,Walking
2025-12-14 17:20:00,84,0.0,54,3.0,Walking
2025-12-14 17:25:00,85,0.0,50,2.85,Walking
2025-12-14 17:30:00,87,0.0,52,2.95,Walking
2025-12-14 17:35:00,90,0.0,50,2.9,Walking
2025-12-14 17:40:00,80,0.0,33,2.12,Walking
2025-12-14 17:45:00,83,0.0,52,2.91,Walking
2025-12-14 17:50:00,86,0.0,49,2.82,Walking
2025-12-14 17:55:00,84,0.0,38,2.36,Walking
2025-12-14 18:00:00,126,0.0,85,4.66,Workout
2025-12-14 18:05:00,126,0.0,72,4.14,Workout
2025-12-14 18:10:00,117,0.0,90,4.77,Workout
2025-12-14 18:15:00,121,0.0,84,4.57,Workout
2025-12-14 18:20:00,122,0.0,112,5.7,Workout
2025-12-14 18:25:00,119,0.0,84,4.55,Workout
2025-12-14 18:30:00,116,0.0,114,5.72,Workout
2025-12-14 18:35:00,118,0.0,118,5.9,Workout
2025-12-14 18:40:00,120,0.0,93,4.92,Workout
2025-12-14 18:45:00,131,0.0,105,5.51,Workout
2025-12-14 18:50:00,114,0.0,100,5.14,Workout
2025-12-14 18:55:00,122,0.0,92,4.9,Workout
2025-12-14 19:00:00,117,0.0,111,5.61,Workout
2025-12-14 19:05:00,123,0.0,112,5.71,Workout
2025-12-14 19:10:00,125,0.0,87,4.73,Workout
2025-12-14 19:15:00,121,0.0,84,4.57,Workout
2025-12-14 19:20:00,122,0.0,83,4.54,Workout
2025-12-14 19:25:00,116,0.0,71,4.0,Workout
2025-12-14 19:30:00,120,0.0,74,4.16,Workout
2025-12-14 19:35:00,122,0.0,79,4.38,Workout
2025-12-14 19:40:00,124,0.0,79,4.4,Workout
2025-12-14 19:45:00,124,0.0,64,3.8,Workout
2025-12-14 19:50:00,123,0.0,97,5.11,Workout
2025-12-14 19:55:00,120,0.0,110,5.6,Workout
2025-12-14 20:00:00,60,0.0,1,0.64,Resting
2025-12-14 20:05:00,72,0.0,2,0.8,Resting
2025-12-14 20:10:00,60,0.0,2,0.68,Resting
2025-12-14 20:15:00,65,0.0,0,0.65,Resting
2025-12-14 20:20:00,64,0.0,5,0.84,Resting
2025-12-14 20:25:00,67,0.0,4,0.83,Resting
2025-12-14 20:30:00,65,0.0,4,0.81,Resting
2025-12-14 20:35:00,63,0.0,3,0.75,Resting
2025-12-14 20:40:00,68,0.0,4,0.84,Resting
2025-12-14 20:45:00,65,0.0,2,0.73,Resting
2025-12-14 20:50:00,64,0.0,0,0.64,Resting
2025-12-14 20:55:00,65,0.0,6,0.89,Resting
2025-12-14 21:00:00,68,0.0,4,0.84,Resting
2025-12-14 21:05:00,70,0.0,7,0.98,Resting
2025-12-14 21:10:00,69,0.0,3,0.81,Resting
2025-12-14 21:15:00,53,0.0,1,0.57,Resting
2025-12-14 21:20:00,59,0.0,3,0.71,Resting
2025-12-14 21:25:00,72,0.0,9,1.08,Resting
2025-12-14 21:30:00,60,0.0,2,0.68,Resting
2025-12-14 21:35:00,64,0.0,0,0.64,Resting
2025-12-14 21:40:00,66,0.0,3,0.78,Resting
2025-12-14 21:45:00,68,0.0,2,0.76,Resting
2025-12-14 21:50:00,59,0.0,2,0.67,Resting
2025-12-14 21:55:00,60,0.0,5,0.8,Resting
2025-12-14 22:00:00,56,0.0,0,0.56,Resting
2025-12-14 22:05:00,59,0.0,6,0.83,Resting
2025-12-14 22:10:00,74,0.0,4,0.9,Resting
2025-12-14 22:15:00,67,0.0,7,0.95,Resting
2025-12-14 22:20:00,65,0.0,2,0.73,Resting
2025-12-14 22:25:00,68,0.0,0,0.68,Resting
2025-12-14 22:30:00,63,0.0,7,0.91,Resting
2025-12-14 22:35:00,71,0.0,3,0.83,Resting
2025-12-14 22:40:00,75,0.0,1,0.79,Resting
2025-12-14 22:45:00,74,0.0,2,0.82,Resting
2025-12-14 22:50:00,62,0.0,9,0.98,Resting
2025-12-14 22:55:00,67,0.0,4,0.83,Resting
2025-12-14 23:00:00,57,0.0,8,0.89,Resting
2025-12-14 23:05:00,69,0.0,8,1.01,Resting
2025-12-14 23:10:00,63,0.0,7,0.91,Resting
2025-12-14 23:15:00,61,0.0,0,0.61,Resting
2025-12-14 23:20:00,67,0.0,9,1.03,Resting
2025-12-14 23:25:00,65,0.0,2,0.73,Resting
2025-12-14 23:30:00,57,0.0,6,0.81,Resting
2025-12-14 23:35:00,64,0.0,7,0.92,Resting
2025-12-14 23:40:00,64,0.0,2,0.72,Resting
2025-12-14 23:45:00,59,0.0,3,0.71,Resting
2025-12-14 23:50:00,66,0.0,1,0.7,Resting
2025-12-14 23:55:00,65,0.0,3,0.77,Resting
2025-12-15 00:00:00,57,0.08,7,0.85,Sleeping
2025-12-15 00:05:00,54,0.17,3,0.66,Sleeping
2025-12-15 00:10:00,54,0.25,7,0.82,Sleeping
2025-12-15 00:15:00,54,0.33,4,0.7,Sleeping
2025-12-15 00:20:00,59,0.42,4,0.75,Sleeping
2025-12-15 00:25:00,58,0.5,7,0.86,Sleeping
2025-12-15 00:30:00,51,0.58,0,0.51,Sleeping
2025-12-15 00:35:00,57,0.67,3,0.69,Sleeping
2025-12-15 00:40:00,59,0.75,2,0.67,Sleeping
2025-12-15 00:45:00,55,0.83,5,0.75,Sleeping
2025-12-15 00:50:00,55,0.92,6,0.79,Sleeping
2025-12-15 00:55:00,58,1.0,2,0.66,Sleeping
2025-12-15 01:00:00,50,1.08,8,0.82,Sleeping
2025-12-15 01:05:00,53,1.17,3,0.65,Sleeping
2025-12-15 01:10:00,56,1.25,4,0.72,Sleeping
2025-12-15 01:15:00,57,1.33,9,0.93,Sleeping
2025-12-15 01:20:00,59,1.42,8,0.91,Sleeping
2025-12-15 01:25:00,64,1.5,9,1.0,Sleeping
2025-12-15 01:30:00,53,1.58,1,0.57,Sleeping
2025-12-15 01:35:00,55,1.67,6,0.79,Sleeping
2025-12-15 01:40:00,58,1.75,6,0.82,Sleeping
2025-12-15 01:45:00,59,1.83,6,0.83,Sleeping
2025-12-15 01:50:00,61,1.92,7,0.89,Sleeping
2025-12-15 01:55:00,60,2.0,7,0.88,Sleeping
2025-12-15 02:00:00,52,2.08,5,0.72,Sleeping
2025-12-15 02:05:00,61,2.17,9,0.97,Sleeping
2025-12-15 02:10:00,56,2.25,1,0.6,Sleeping
2025-12-15 02:15:00,49,2.33,5,0.69,Sleeping
2025-12-15 02:20:00,55,2.42,8,0.87,Sleeping
2025-12-15 02:25:00,53,2.5,1,0.57,Sleeping
2025-12-15 02:30:00,57,2.58,7,0.85,Sleeping
2025-12-15 02:35:00,57,2.67,1,0.61,Sleeping
2025-12-15 02:40:00,56,2.75,7,0.84,Sleeping
2025-12-15 02:45:00,53,2.83,1,0.57,Sleeping
2025-12-15 02:50:00,54,2.92,0,0.54,Sleeping
2025-12-15 02:55:00,59,3.0,1,0.63,Sleeping
2025-12-15 03:00:00,53,3.08,0,0.53,Sleeping
2025-12-15 03:05:00,55,3.17,5,0.75,Sleeping
2025-12-15 03:10:00,52,3.25,3,0.64,Sleeping
2025-12-15 03:15:00,51,3.33,4,0.67,Sleeping
2025-12-15 03:20:00,61,3.42,8,0.93,Sleeping
2025-12-15 03:25:00,55,3.5,1,0.59,Sleeping
2025-12-15 03:30:00,58,3.58,0,0.58,Sleeping
2025-12-15 03:35:00,59,3.67,0,0.59,Sleeping
2025-12-15 03:40:00,58,3.75,9,0.94,Sleeping
2025-12-15 03:45:00,52,3.83,3,0.64,Sleeping
2025-12-15 03:50:00,52,3.92,7,0.8,Sleeping
2025-12-15 03:55:00,49,4.0,8,0.81,Sleeping
2025-12-15 04:00:00,51,4.08,3,0.63,Sleeping
2025-12-15 04:05:00,56,4.17,1,0.6,Sleeping
2025-12-15 04:10:00,51,4.25,5,0.71,Sleeping
2025-12-15 04:15:00,58,4.33,9,0.94,Sleeping
2025-12-15 04:20:00,53,4.42,9,0.89,Sleeping
2025-12-15 04:25:00,50,4.5,1,0.54,Sleeping
2025-12-15 04:30:00,58,4.58,9,0.94,Sleeping
2025-12-15 04:35:00,57,4.67,5,0.77,Sleeping
2025-12-15 04:40:00,53,4.75,6,0.77,Sleeping
2025-12-15 04:45:00,52,4.83,9,0.88,Sleeping
2025-12-15 04:50:00,49,4.92,5,0.69,Sleeping
2025-12-15 04:55:00,59,5.0,0,0.59,Sleeping
2025-12-15 05:00:00,55,5.08,5,0.75,Sleeping
2025-12-15 05:05:00,59,5.17,9,0.95,Sleeping
2025-12-15 05:10:00,57,5.25,3,0.69,Sleeping
2025-12-15 05:15:00,58,5.33,3,0.7,Sleeping
2025-12-15 05:20:00,53,5.42,5,0.73,Sleeping
2025-12-15 05:25:00,50,5.5,4,0.66,Sleeping
2025-12-15 05:30:00,55,5.58,7,0.83,Sleeping
2025-12-15 05:35:00,52,5.67,6,0.76,Sleeping
2025-12-15 05:40:00,58,5.75,5,0.78,Sleeping
2025-12-15 05:45:00,50,5.83,7,0.78,Sleeping
2025-12-15 05:50:00,60,5.92,3,0.72,Sleeping
2025-12-15 05:55:00,53,6.0,8,0.85,Sleeping
2025-12-15 06:00:00,84,0.0,62,3.32,Walking
2025-12-15 06:05:00,93,0.0,43,2.65,Walking
2025-12-15 06:10:00,85,0.0,53,2.97,Walking
2025-12-15 06:15:00,80,0.0,41,2.44,Walking
2025-12-15 06:20:00,83,0.0,68,3.55,Walking
2025-12-15 06:25:00,91,0.0,36,2.35,Walking
2025-12-15 06:30:00,90,0.0,69,3.66,Walking
2025-12-15 06:35:00,86,0.0,41,2.5,Walking
2025-12-15 06:40:00,80,0.0,60,3.2,Walking
2025-12-15 06:45:00,88,0.0,34,2.24,Walking
2025-12-15 06:50:00,87,0.0,63,3.39,Walking
2025-12-15 06:55:00,96,0.0,43,2.68,Walking
2025-12-15 07:00:00,91,0.0,45,2.71,Walking
2025-12-15 07:05:00,85,0.0,63,3.37,Walking
2025-12-15 07:10:00,89,0.0,40,2.49,Walking
2025-12-15 07:15:00,85,0.0,43,2.57,Walking
2025-12-15 07:20:00,79,0.0,53,2.91,Walking
2025-12-15 07:25:00,92,0.0,58,3.24,Walking
2025-12-15 07:30:00,89,0.0,59,3.25,Walking
2025-12-15 07:35:00,88,0.0,52,2.96,Walking
2025-12-15 07:40:00,87,0.0,58,3.19,Walking
2025-12-15 07:45:00,86,0.0,48,2.78,Walking
2025-12-15 07:50:00,85,0.0,53,2.97,Walking
2025-12-15 07:55:00,79,0.0,55,2.99,Walking
2025-12-15 08:00:00,87,0.0,35,2.27,Walking
2025-12-15 08:05:00,89,0.0,59,3.25,Walking
2025-12-15 08:10:00,85,0.0,47,2.73,Walking
2025-12-15 08:15:00,85,0.0,32,2.13,Walking
2025-12-15 08:20:00,93,0.0,34,2.29,Walking
2025-12-15 08:25:00,84,0.0,45,2.64,Walking
2025-12-15 08:30:00,83,0.0,68,3.55,Walking
2025-12-15 08:35:00,88,0.0,38,2.4,Walking
2025-12-15 08:40:00,85,0.0,42,2.53,Walking
2025-12-15 08:45:00,89,0.0,38,2.41,Walking
2025-12-15 08:50:00,95,0.0,62,3.43,Walking
2025-12-15 08:55:00,80,0.0,46,2.64,Walking
2025-12-15 09:00:00,64,0.0,3,0.76,Resting
2025-12-15 09:05:00,58,0.0,2,0.66,Resting
2025-12-15 09:10:00,62,0.0,8,0.94,Resting
2025-12-15 09:15:00,69,0.0,2,0.77,Resting
2025-12-15 09:20:00,65,0.0,1,0.69,Resting
2025-12-15 09:25:00,68,0.0,8,1.0,Resting
2025-12-15 09:30:00,65,0.0,5,0.85,Resting
2025-12-15 09:35:00,69,0.0,1,0.73,Resting
2025-12-15 09:40:00,58,0.0,0,0.58,Resting
2025-12-15 09:45:00,62,0.0,2,0.7,Resting
2025-12-15 09:50:00,63,0.0,6,0.87,Resting
2025-12-15 09:55:00,61,0.0,2,0.69,Resting
2025-12-15 10:00:00,66,0.0,0,0.66,Resting
2025-12-15 10:05:00,73,0.0,8,1.05,Resting
2025-12-15 10:10:00,68,0.0,9,1.04,Resting
2025-12-15 10:15:00,55,0.0,3,0.67,Resting
2025-12-15 10:20:00,68,0.0,3,0.8,Resting
2025-12-15 10:25:00,65,0.0,5,0.85,Resting
2025-12-15 10:30:00,61,0.0,9,0.97,Resting
2025-12-15 10:35:00,67,0.0,8,0.99,Resting
2025-12-15 10:40:00,59,0.0,2,0.67,Resting
2025-12-15 10:45:00,61,0.0,5,0.81,Resting
2025-12-15 10:50:00,67,0.0,8,0.99,Resting
2025-12-15 10:55:00,63,0.0,7,0.91,Resting
2025-12-15 11:00:00,74,0.0,2,0.82,Resting
2025-12-15 11:05:00,67,0.0,2,0.75,Resting
2025-12-15 11:10:00,59,0.0,0,0.59,Resting
2025-12-15 11:15:00,66,0.0,1,0.7,Resting
2025-12-15 11:20:00,57,0.0,7,0.85,Resting
2025-12-15 11:25:00,65,0.0,4,0.81,Resting
2025-12-15 11:30:00,65,0.0,0,0.65,Resting
2025-12-15 11:35:00,62,0.0,7,0.9,Resting
2025-12-15 11:40:00,59,0.0,6,0.83,Resting
2025-12-15 11:45:00,61,0.0,1,0.65,Resting
2025-12-15 11:50:00,67,0.0,3,0.79,Resting
2025-12-15 11:55:00,64,0.0,6,0.88,Resting
2025-12-15 12:00:00,123,0.0,118,5.95,Running
2025-12-15 12:05:00,139,0.0,107,5.67,Running
2025-12-15 12:10:00,131,0.0,130,6.51,Running
2025-12-15 12:15:00,131,0.0,144,7.07,Running
2025-12-15 12:20:00,130,0.0,133,6.62,Running
2025-12-15 12:25:00,124,0.0,143,6.96,Running
2025-12-15 12:30:00,131,0.0,117,5.99,Running
2025-12-15 12:35:00,123,0.0,141,6.87,Running
2025-12-15 12:40:00,133,0.0,140,6.93,Running
2025-12-15 12:45:00,133,0.0,114,5.89,Running
2025-12-15 12:50:00,128,0.0,114,5.84,Running
2025-12-15 12:55:00,133,0.0,124,6.29,Running
2025-12-15 13:00:00,126,0.0,115,5.86,Running
2025-12-15 13:05:00,122,0.0,117,5.9,Running
2025-12-15 13:10:00,133,0.0,132,6.61,Running
2025-12-15 13:15:00,131,0.0,109,5.67,Running
2025-12-15 13:20:00,132,0.0,119,6.08,Running
2025-12-15 13:25:00,124,0.0,144,7.0,Running
2025-12-15 13:30:00,130,0.0,130,6.5,Running
2025-12-15 13:35:00,130,0.0,144,7.06,Running
2025-12-15 13:40:00,128,0.0,103,5.4,Running
2025-12-15 13:45:00,133,0.0,114,5.89,Running
2025-12-15 13:50:00,135,0.0,102,5.43,Running
2025-12-15 13:55:00,133,0.0,119,6.09,Running
2025-12-15 14:00:00,81,0.0,50,2.81,Walking
2025-12-15 14:05:00,95,0.0,40,2.55,Walking
2025-12-15 14:10:00,83,0.0,68,3.55,Walking
2025-12-15 14:15:00,80,0.0,48,2.72,Walking
2025-12-15 14:20:00,88,0.0,56,3.12,Walking
2025-12-15 14:25:00,95,0.0,49,2.91,Walking
2025-12-15 14:30:00,87,0.0,62,3.35,Walking
2025-12-15 14:35:00,79,0.0,64,3.35,Walking
2025-12-15 14:40:00,85,0.0,38,2.37,Walking
2025-12-15 14:45:00,85,0.0,59,3.21,Walking
2025-12-15 14:50:00,93,0.0,34,2.29,Walking
2025-12-15 14:55:00,84,0.0,41,2.48,Walking
2025-12-15 15:00:00,80,0.0,66,3.44,Walking
2025-12-15 15:05:00,88,0.0,59,3.24,Walking
2025-12-15 15:10:00,84,0.0,30,2.04,Walking
2025-12-15 15:15:00,86,0.0,58,3.18,Walking
2025-12-15 15:20:00,87,0.0,68,3.59,Walking
2025-12-15 15:25:00,88,0.0,55,3.08,Walking
2025-12-15 15:30:00,83,0.0,57,3.11,Walking
2025-12-15 15:35:00,85,0.0,46,2.69,Walking
2025-12-15 15:40:00,92,0.0,44,2.68,Walking
2025-12-15 15:45:00,83,0.0,47,2.71,Walking
2025-12-15 15:50:00,80,0.0,34,2.16,Walking
2025-12-15 15:55:00,84,0.0,53,2.96,Walking
2025-12-15 16:00:00,91,0.0,39,2.47,Walking
2025-12-15 16:05:00,87,0.0,60,3.27,Walking
2025-12-15 16:10:00,84,0.0,39,2.4,Walking
2025-12-15 16:15:00,88,0.0,49,2.84,Walking
2025-12-15 16:20:00,85,0.0,63,3.37,Walking
2025-12-15 16:25:00,86,0.0,35,2.26,Walking
2025-12-15 16:30:00,86,0.0,34,2.22,Walking
2025-12-15 16:35:00,85,0.0,68,3.57,Walking
2025-12-15 16:40:00,85,0.0,54,3.01,Walking
2025-12-15 16:45:00,81,0.0,51,2.85,Walking
2025-12-15 16:50:00,87,0.0,63,3.39,Walking
2025-12-15 16:55:00,82,0.0,54,2.98,Walking
2025-12-15 17:00:00,86,0.0,41,2.5,Walking
2025-12-15 17:05:00,72,0.0,55,2.92,Walking
2025-12-15 17:10:00,87,0.0,42,2.55,Walking
2025-12-15 17:15:00,90,0.0,42,2.58,Walking
2025-12-15 17:20:00,80,0.0,65,3.4,Walking
2025-12-15 17:25:00,78,0.0,42,2.46,Walking
2025-12-15 17:30:00,85,0.0,51,2.89,Walking
2025-12-15 17:35:00,86,0.0,36,2.3,Walking
2025-12-15 17:40:00,90,0.0,45,2.7,Walking
2025-12-15 17:45:00,88,0.0,55,3.08,Walking
2025-12-15 17:50:00,94,0.0,59,3.3,Walking
2025-12-15 17:55:00,86,0.0,69,3.62,Walking
2025-12-15 18:00:00,125,0.0,79,4.41,Workout
2025-12-15 18:05:00,116,0.0,89,4.72,Workout
2025-12-15 18:10:00,119,0.0,96,5.03,Workout
2025-12-15 18:15:00,121,0.0,89,4.77,Workout
2025-12-15 18:20:00,119,0.0,99,5.15,Workout
2025-12-15 18:25:00,121,0.0,119,5.97,Workout
2025-12-15 18:30:00,116,0.0,90,4.76,Workout
2025-12-15 18:35:00,120,0.0,67,3.88,Workout
2025-12-15 18:40:00,115,0.0,94,4.91,Workout
2025-12-15 18:45:00,115,0.0,92,4.83,Workout
2025-12-15 18:50:00,122,0.0,105,5.42,Workout
2025-12-15 18:55:00,125,0.0,115,5.85,Workout
2025-12-15 19:00:00,122,0.0,80,4.42,Workout
2025-12-15 19:05:00,122,0.0,118,5.94,Workout
2025-12-15 19:10:00,120,0.0,114,5.76,Workout
2025-12-15 19:15:00,119,0.0,114,5.75,Workout
2025-12-15 19:20:00,119,0.0,95,4.99,Workout
2025-12-15 19:25:00,118,0.0,119,5.94,Workout
2025-12-15 19:30:00,124,0.0,60,3.64,Workout
2025-12-15 19:35:00,118,0.0,106,5.42,Workout
2025-12-15 19:40:00,123,0.0,92,4.91,Workout
2025-12-15 19:45:00,122,0.0,109,5.58,Workout
2025-12-15 19:50:00,118,0.0,102,5.26,Workout
2025-12-15 19:55:00,118,0.0,89,4.74,Workout
2025-12-15 20:00:00,66,0.0,0,0.66,Resting
2025-12-15 20:05:00,65,0.0,8,0.97,Resting
2025-12-15 20:10:00,61,0.0,5,0.81,Resting
2025-12-15 20:15:00,65,0.0,0,0.65,Resting
2025-12-15 20:20:00,65,0.0,7,0.93,Resting
2025-12-15 20:25:00,58,0.0,6,0.82,Resting
2025-12-15 20:30:00,61,0.0,6,0.85,Resting
2025-12-15 20:35:00,68,0.0,1,0.72,Resting
2025-12-15 20:40:00,66,0.0,0,0.66,Resting
2025-12-15 20:45:00,64,0.0,3,0.76,Resting
2025-12-15 20:50:00,69,0.0,1,0.73,Resting
2025-12-15 20:55:00,70,0.0,4,0.86,Resting
2025-12-15 21:00:00,61,0.0,4,0.77,Resting
2025-12-15 21:05:00,68,0.0,2,0.76,Resting
2025-12-15 21:10:00,62,0.0,3,0.74,Resting
2025-12-15 21:15:00,74,0.0,0,0.74,Resting
2025-12-15 21:20:00,61,0.0,3,0.73,Resting
2025-12-15 21:25:00,64,0.0,9,1.0,Resting
2025-12-15 21:30:00,64,0.0,3,0.76,Resting
2025-12-15 21:35:00,67,0.0,9,1.03,Resting
2025-12-15 21:40:00,66,0.0,4,0.82,Resting
2025-12-15 21:45:00,63,0.0,8,0.95,Resting
2025-12-15 21:50:00,61,0.0,1,0.65,Resting
2025-12-15 21:55:00,69,0.0,8,1.01,Resting
2025-12-15 22:00:00,62,0.0,2,0.7,Resting
2025-12-15 22:05:00,64,0.0,5,0.84,Resting
2025-12-15 22:10:00,62,0.0,1,0.66,Resting
2025-12-15 22:15:00,67,0.0,6,0.91,Resting
2025-12-15 22:20:00,62,0.0,1,0.66,Resting
2025-12-15 22:25:00,63,0.0,5,0.83,Resting
2025-12-15 22:30:00,69,0.0,0,0.69,Resting
2025-12-15 22:35:00,58,0.0,5,0.78,Resting
2025-12-15 22:40:00,67,0.0,2,0.75,Resting
2025-12-15 22:45:00,59,0.0,5,0.79,Resting
2025-12-15 22:50:00,65,0.0,7,0.93,Resting
2025-12-15 22:55:00,62,0.0,9,0.98,Resting
2025-12-15 23:00:00,66,0.0,3,0.78,Resting
2025-12-15 23:05:00,64,0.0,4,0.8,Resting
2025-12-15 23:10:00,73,0.0,6,0.97,Resting
2025-12-15 23:15:00,63,0.0,1,0.67,Resting
2025-12-15 23:20:00,67,0.0,8,0.99,Resting
2025-12-15 23:25:00,59,0.0,0,0.59,Resting
2025-12-15 23:30:00,67,0.0,6,0.91,Resting
2025-12-15 23:35:00,67,0.0,7,0.95,Resting
2025-12-15 23:40:00,63,0.0,9,0.99,Resting
2025-12-15 23:45:00,64,0.0,6,0.88,Resting
2025-12-15 23:50:00,67,0.0,9,1.03,Resting
2025-12-15 23:55:00,61,0.0,2,0.69,Resting
2025-12-16 00:00:00,53,0.08,5,0.73,Sleeping
2025-12-16 00:05:00,58,0.17,7,0.86,Sleeping
2025-12-16 00:10:00,47,0.25,4,0.63,Sleeping
2025-12-16 00:15:00,56,0.33,7,0.84,Sleeping
2025-12-16 00:20:00,53,0.42,3,0.65,Sleeping
2025-12-16 00:25:00,57,0.5,7,0.85,Sleeping
2025-12-16 00:30:00,47,0.58,8,0.79,Sleeping
2025-12-16 00:35:00,59,0.67,0,0.59,Sleeping
2025-12-16 00:40:00,57,0.75,5,0.77,Sleeping
2025-12-16 00:45:00,48,0.83,0,0.48,Sleeping
2025-12-16 00:50:00,54,0.92,6,0.78,Sleeping
2025-12-16 00:55:00,60,1.0,3,0.72,Sleeping
2025-12-16 01:00:00,53,1.08,2,0.61,Sleeping
2025-12-16 01:05:00,57,1.17,5,0.77,Sleeping
2025-12-16 01:10:00,53,1.25,7,0.81,Sleeping
2025-12-16 01:15:00,58,1.33,9,0.94,Sleeping
2025-12-16 01:20:00,60,1.42,8,0.92,Sleeping
2025-12-16 01:25:00,53,1.5,3,0.65,Sleeping
2025-12-16 01:30:00,57,1.58,4,0.73,Sleeping
2025-12-16 01:35:00,56,1.67,1,0.6,Sleeping
2025-12-16 01:40:00,55,1.75,3,0.67,Sleeping
2025-12-16 01:45:00,54,1.83,1,0.58,Sleeping
2025-12-16 01:50:00,58,1.92,9,0.94,Sleeping
2025-12-16 01:55:00,55,2.0,5,0.75,Sleeping
2025-12-16 02:00:00,53,2.08,7,0.81,Sleeping
2025-12-16 02:05:00,52,2.17,6,0.76,Sleeping
2025-12-16 02:10:00,56,2.25,0,0.56,Sleeping
2025-12-16 02:15:00,53,2.33,5,0.73,Sleeping
2025-12-16 02:20:00,65,2.42,0,0.65,Sleeping
2025-12-16 02:25:00,61,2.5,0,0.61,Sleeping
2025-12-16 02:30:00,55,2.58,0,0.55,Sleeping
2025-12-16 02:35:00,59,2.67,5,0.79,Sleeping
2025-12-16 02:40:00,52,2.75,6,0.76,Sleeping
2025-12-16 02:45:00,51,2.83,0,0.51,Sleeping
2025-12-16 02:50:00,51,2.92,8,0.83,Sleeping
2025-12-16 02:55:00,54,3.0,9,0.9,Sleeping
2025-12-16 03:00:00,54,3.08,2,0.62,Sleeping
2025-12-16 03:05:00,55,3.17,6,0.79,Sleeping
2025-12-16 03:10:00,50,3.25,2,0.58,Sleeping
2025-12-16 03:15:00,53,3.33,2,0.61,Sleeping
2025-12-16 03:20:00,54,3.42,8,0.86,Sleeping
2025-12-16 03:25:00,57,3.5,2,0.65,Sleeping
2025-12-16 03:30:00,54,3.58,4,0.7,Sleeping
2025-12-16 03:35:00,50,3.67,2,0.58,Sleeping
2025-12-16 03:40:00,56,3.75,1,0.6,Sleeping
2025-12-16 03:45:00,54,3.83,7,0.82,Sleeping
2025-12-16 03:50:00,56,3.92,5,0.76,Sleeping
2025-12-16 03:55:00,53,4.0,1,0.57,Sleeping
2025-12-16 04:00:00,60,4.08,6,0.84,Sleeping
2025-12-16 04:05:00,57,4.17,9,0.93,Sleeping
2025-12-16 04:10:00,54,4.25,9,0.9,Sleeping
2025-12-16 04:15:00,58,4.33,5,0.78,Sleeping
2025-12-16 04:20:00,62,4.42,0,0.62,Sleeping
2025-12-16 04:25:00,58,4.5,7,0.86,Sleeping
2025-12-16 04:30:00,52,4.58,7,0.8,Sleeping
2025-12-16 04:35:00,55,4.67,1,0.59,Sleeping
2025-12-16 04:40:00,51,4.75,7,0.79,Sleeping
2025-12-16 04:45:00,59,4.83,1,0.63,Sleeping
2025-12-16 04:50:00,51,4.92,9,0.87,Sleeping
2025-12-16 04:55:00,55,5.0,6,0.79,Sleeping
2025-12-16 05:00:00,55,5.08,2,0.63,Sleeping
2025-12-16 05:05:00,53,5.17,0,0.53,Sleeping
2025-12-16 05:10:00,54,5.25,3,0.66,Sleeping
2025-12-16 05:15:00,53,5.33,4,0.69,Sleeping
2025-12-16 05:20:00,57,5.42,3,0.69,Sleeping
2025-12-16 05:25:00,59,5.5,8,0.91,Sleeping
2025-12-16 05:30:00,55,5.58,2,0.63,Sleeping
2025-12-16 05:35:00,56,5.67,6,0.8,Sleeping
2025-12-16 05:40:00,56,5.75,2,0.64,Sleeping
2025-12-16 05:45:00,51,5.83,5,0.71,Sleeping
2025-12-16 05:50:00,57,5.92,1,0.61,Sleeping
2025-12-16 05:55:00,59,6.0,5,0.79,Sleeping
2025-12-16 06:00:00,86,0.0,68,3.58,Walking
2025-12-16 06:05:00,86,0.0,37,2.34,Walking
2025-12-16 06:10:00,90,0.0,57,3.18,Walking
2025-12-16 06:15:00,84,0.0,39,2.4,Walking
2025-12-16 06:20:00,82,0.0,68,3.54,Walking
2025-12-16 06:25:00,80,0.0,67,3.48,Walking
2025-12-16 06:30:00,85,0.0,49,2.81,Walking
2025-12-16 06:35:00,91,0.0,39,2.47,Walking
2025-12-16 06:40:00,90,0.0,66,3.54,Walking
2025-12-16 06:45:00,82,0.0,67,3.5,Walking
2025-12-16 06:50:00,86,0.0,49,2.82,Walking
2025-12-16 06:55:00,82,0.0,42,2.5,Walking
2025-12-16 07:00:00,83,0.0,35,2.23,Walking
2025-12-16 07:05:00,88,0.0,69,3.64,Walking
2025-12-16 07:10:00,84,0.0,48,2.76,Walking
2025-12-16 07:15:00,86,0.0,37,2.34,Walking
2025-12-16 07:20:00,87,0.0,41,2.51,Walking
2025-12-16 07:25:00,88,0.0,58,3.2,Walking
2025-12-16 07:30:00,87,0.0,39,2.43,Walking
2025-12-16 07:35:00,85,0.0,46,2.69,Walking
2025-12-16 07:40:00,91,0.0,34,2.27,Walking
2025-12-16 07:45:00,83,0.0,40,2.43,Walking
2025-12-16 07:50:00,87,0.0,65,3.47,Walking
2025-12-16 07:55:00,91,0.0,64,3.47,Walking
2025-12-16 08:00:00,82,0.0,30,2.02,Walking
2025-12-16 08:05:00,87,0.0,50,2.87,Walking
2025-12-16 08:10:00,91,0.0,50,2.91,Walking
2025-12-16 08:15:00,85,0.0,31,2.09,Walking
2025-12-16 08:20:00,81,0.0,35,2.21,Walking
2025-12-16 08:25:00,91,0.0,49,2.87,Walking
2025-12-16 08:30:00,80,0.0,60,3.2,Walking
2025-12-16 08:35:00,88,0.0,33,2.2,Walking
2025-12-16 08:40:00,90,0.0,66,3.54,Walking
2025-12-16 08:45:00,83,0.0,38,2.35,Walking
2025-12-16 08:50:00,87,0.0,52,2.95,Walking
2025-12-16 08:55:00,90,0.0,58,3.22,Walking
2025-12-16 09:00:00,66,0.0,4,0.82,Resting
2025-12-16 09:05:00,66,0.0,1,0.7,Resting
2025-12-16 09:10:00,63,0.0,6,0.87,Resting
2025-12-16 09:15:00,64,0.0,2,0.72,Resting
2025-12-16 09:20:00,69,0.0,4,0.85,Resting
2025-12-16 09:25:00,68,0.0,9,1.04,Resting
2025-12-16 09:30:00,66,0.0,0,0.66,Resting
2025-12-16 09:35:00,63,0.0,2,0.71,Resting
2025-12-16 09:40:00,65,0.0,6,0.89,Resting
2025-12-16 09:45:00,70,0.0,0,0.7,Resting
2025-12-16 09:50:00,64,0.0,1,0.68,Resting
2025-12-16 09:55:00,68,0.0,0,0.68,Resting
2025-12-16 10:00:00,63,0.0,7,0.91,Resting
2025-12-16 10:05:00,69,0.0,3,0.81,Resting
2025-12-16 10:10:00,70,0.0,3,0.82,Resting
2025-12-16 10:15:00,64,0.0,6,0.88,Resting
2025-12-16 10:20:00,64,0.0,3,0.76,Resting
2025-12-16 10:25:00,65,0.0,3,0.77,Resting
2025-12-16 10:30:00,65,0.0,5,0.85,Resting
2025-12-16 10:35:00,68,0.0,3,0.8,Resting
2025-12-16 10:40:00,67,0.0,7,0.95,Resting
2025-12-16 10:45:00,53,0.0,8,0.85,Resting
2025-12-16 10:50:00,63,0.0,5,0.83,Resting
2025-12-16 10:55:00,67,0.0,0,0.67,Resting
2025-12-16 11:00:00,71,0.0,5,0.91,Resting
2025-12-16 11:05:00,66,0.0,3,0.78,Resting
2025-12-16 11:10:00,56,0.0,1,0.6,Resting
2025-12-16 11:15:00,70,0.0,4,0.86,Resting
2025-12-16 11:20:00,68,0.0,1,0.72,Resting
2025-12-16 11:25:00,65,0.0,2,0.73,Resting
2025-12-16 11:30:00,67,0.0,1,0.71,Resting
2025-12-16 11:35:00,60,0.0,9,0.96,Resting
2025-12-16 11:40:00,67,0.0,8,0.99,Resting
2025-12-16 11:45:00,62,0.0,3,0.74,Resting
2025-12-16 11:50:00,62,0.0,0,0.62,Resting
2025-12-16 11:55:00,60,0.0,3,0.72,Resting
2025-12-16 12:00:00,135,0.0,124,6.31,Running
2025-12-16 12:05:00,128,0.0,116,5.92,Running
2025-12-16 12:10:00,130,0.0,120,6.1,Running
2025-12-16 12:15:00,141,0.0,110,5.81,Running
2025-12-16 12:20:00,125,0.0,121,6.09,Running
2025-12-16 12:25:00,132,0.0,121,6.16,Running
2025-12-16 12:30:00,132,0.0,110,5.72,Running
2025-12-16 12:35:00,134,0.0,114,5.9,Running
2025-12-16 12:40:00,127,0.0,149,7.23,Running
2025-12-16 12:45:00,133,0.0,109,5.69,Running
2025-12-16 12:50:00,127,0.0,131,6.51,Running
2025-12-16 12:55:00,131,0.0,135,6.71,Running
2025-12-16 13:00:00,138,0.0,123,6.3,Running
2025-12-16 13:05:00,131,0.0,104,5.47,Running
2025-12-16 13:10:00,127,0.0,115,5.87,Running
2025-12-16 13:15:00,135,0.0,147,7.23,Running
2025-12-16 13:20:00,130,0.0,139,6.86,Running
2025-12-16 13:25:00,126,0.0,103,5.38,Running
2025-12-16 13:30:00,136,0.0,131,6.6,Running
2025-12-16 13:35:00,128,0.0,122,6.16,Running
2025-12-16 13:40:00,127,0.0,134,6.63,Running
2025-12-16 13:45:00,127,0.0,132,6.55,Running
2025-12-16 13:50:00,133,0.0,104,5.49,Running
2025-12-16 13:55:00,133,0.0,139,6.89,Running
2025-12-16 14:00:00,78,0.0,51,2.82,Walking
2025-12-16 14:05:00,80,0.0,63,3.32,Walking
2025-12-16 14:10:00,86,0.0,52,2.94,Walking
2025-12-16 14:15:00,93,0.0,49,2.89,Walking
2025-12-16 14:20:00,85,0.0,54,3.01,Walking
2025-12-16 14:25:00,83,0.0,61,3.27,Walking
2025-12-16 14:30:00,82,0.0,58,3.14,Walking
2025-12-16 14:35:00,91,0.0,31,2.15,Walking
2025-12-16 14:40:00,81,0.0,46,2.65,Walking
2025-12-16 14:45:00,79,0.0,40,2.39,Walking
2025-12-16 14:50:00,83,0.0,54,2.99,Walking
2025-12-16 14:55:00,87,0.0,41,2.51,Walking
2025-12-16 15:00:00,78,0.0,42,2.46,Walking
2025-12-16 15:05:00,86,0.0,58,3.18,Walking
2025-12-16 15:10:00,78,0.0,44,2.54,Walking
2025-12-16 15:15:00,83,0.0,45,2.63,Walking
2025-12-16 15:20:00,88,0.0,65,3.48,Walking
2025-12-16 15:25:00,90,0.0,40,2.5,Walking
2025-12-16 15:30:00,85,0.0,60,3.25,Walking
2025-12-16 15:35:00,80,0.0,40,2.4,Walking
2025-12-16 15:40:00,84,0.0,56,3.08,Walking
2025-12-16 15:45:00,80,0.0,38,2.32,Walking
2025-12-16 15:50:00,88,0.0,64,3.44,Walking
2025-12-16 15:55:00,79,0.0,63,3.31,Walking
2025-12-16 16:00:00,86,0.0,68,3.58,Walking
2025-12-16 16:05:00,82,0.0,36,2.26,Walking
2025-12-16 16:10:00,86,0.0,54,3.02,Walking
2025-12-16 16:15:00,88,0.0,57,3.16,Walking
2025-12-16 16:20:00,93,0.0,31,2.17,Walking
2025-12-16 16:25:00,85,0.0,48,2.77,Walking
2025-12-16 16:30:00,89,0.0,66,3.53,Walking
2025-12-16 16:35:00,84,0.0,41,2.48,Walking
2025-12-16 16:40:00,83,0.0,57,3.11,Walking
2025-12-16 16:45:00,83,0.0,53,2.95,Walking
2025-12-16 16:50:00,81,0.0,57,3.09,Walking
2025-12-16 16:55:00,84,0.0,48,2.76,Walking
2025-12-16 17:00:00,78,0.0,42,2.46,Walking
2025-12-16 17:05:00,81,0.0,64,3.37,Walking
2025-12-16 17:10:00,86,0.0,34,2.22,Walking
2025-12-16 17:15:00,85,0.0,33,2.17,Walking
2025-12-16 17:20:00,84,0.0,35,2.24,Walking
2025-12-16 17:25:00,87,0.0,42,2.55,Walking
2025-12-16 17:30:00,86,0.0,68,3.58,Walking
2025-12-16 17:35:00,82,0.0,63,3.34,Walking
2025-12-16 17:40:00,82,0.0,31,2.06,Walking
2025-12-16 17:45:00,83,0.0,54,2.99,Walking
2025-12-16 17:50:00,88,0.0,56,3.12,Walking
2025-12-16 17:55:00,91,0.0,32,2.19,Walking
2025-12-16 18:00:00,125,0.0,110,5.65,Workout
2025-12-16 18:05:00,114,0.0,80,4.34,Workout
2025-12-16 18:10:00,121,0.0,71,4.05,Workout
2025-12-16 18:15:00,120,0.0,113,5.72,Workout
2025-12-16 18:20:00,123,0.0,111,5.67,Workout
2025-12-16 18:25:00,121,0.0,70,4.01,Workout
2025-12-16 18:30:00,123,0.0,74,4.19,Workout
2025-12-16 18:35:00,113,0.0,87,4.61,Workout
2025-12-16 18:40:00,120,0.0,69,3.96,Workout
2025-12-16 18:45:00,127,0.0,81,4.51,Workout
2025-12-16 18:50:00,127,0.0,84,4.63,Workout
2025-12-16 18:55:00,121,0.0,95,5.01,Workout
2025-12-16 19:00:00,122,0.0,69,3.98,Workout
2025-12-16 19:05:00,118,0.0,63,3.7,Workout
2025-12-16 19:10:00,130,0.0,97,5.18,Workout
2025-12-16 19:15:00,129,0.0,108,5.61,Workout
2025-12-16 19:20:00,120,0.0,99,5.16,Workout
2025-12-16 19:25:00,123,0.0,107,5.51,Workout
2025-12-16 19:30:00,112,0.0,109,5.48,Workout
2025-12-16 19:35:00,123,0.0,70,4.03,Workout
2025-12-16 19:40:00,120,0.0,83,4.52,Workout
2025-12-16 19:45:00,122,0.0,75,4.22,Workout
2025-12-16 19:50:00,121,0.0,64,3.77,Workout
2025-12-16 19:55:00,120,0.0,93,4.92,Workout
2025-12-16 20:00:00,67,0.0,6,0.91,Resting
2025-12-16 20:05:00,63,0.0,1,0.67,Resting
2025-12-16 20:10:00,64,0.0,7,0.92,Resting
2025-12-16 20:15:00,62,0.0,8,0.94,Resting
2025-12-16 20:20:00,57,0.0,0,0.57,Resting
2025-12-16 20:25:00,60,0.0,9,0.96,Resting
2025-12-16 20:30:00,66,0.0,1,0.7,Resting
2025-12-16 20:35:00,71,0.0,8,1.03,Resting
2025-12-16 20:40:00,70,0.0,1,0.74,Resting
2025-12-16 20:45:00,71,0.0,2,0.79,Resting
2025-12-16 20:50:00,58,0.0,0,0.58,Resting
2025-12-16 20:55:00,67,0.0,4,0.83,Resting
2025-12-16 21:00:00,65,0.0,7,0.93,Resting
2025-12-16 21:05:00,63,0.0,1,0.67,Resting
2025-12-16 21:10:00,60,0.0,2,0.68,Resting
2025-12-16 21:15:00,63,0.0,5,0.83,Resting
2025-12-16 21:20:00,65,0.0,2,0.73,Resting
2025-12-16 21:25:00,72,0.0,2,0.8,Resting
2025-12-16 21:30:00,61,0.0,3,0.73,Resting
2025-12-16 21:35:00,61,0.0,8,0.93,Resting
2025-12-16 21:40:00,65,0.0,6,0.89,Resting
2025-12-16 21:45:00,65,0.0,7,0.93,Resting
2025-12-16 21:50:00,61,0.0,5,0.81,Resting
2025-12-16 21:55:00,67,0.0,3,0.79,Resting
2025-12-16 22:00:00,66,0.0,5,0.86,Resting
2025-12-16 22:05:00,66,0.0,5,0.86,Resting
2025-12-16 22:10:00,63,0.0,4,0.79,Resting
2025-12-16 22:15:00,62,0.0,4,0.78,Resting
2025-12-16 22:20:00,62,0.0,2,0.7,Resting
2025-12-16 22:25:00,70,0.0,4,0.86,Resting
2025-12-16 22:30:00,71,0.0,0,0.71,Resting
2025-12-16 22:35:00,66,0.0,6,0.9,Resting
2025-12-16 22:40:00,67,0.0,8,0.99,Resting
2025-12-16 22:45:00,63,0.0,6,0.87,Resting
2025-12-16 22:50:00,67,0.0,6,0.91,Resting
2025-12-16 22:55:00,68,0.0,6,0.92,Resting
2025-12-16 23:00:00,59,0.0,4,0.75,Resting
2025-12-16 23:05:00,66,0.0,1,0.7,Resting
2025-12-16 23:10:00,60,0.0,0,0.6,Resting
2025-12-16 23:15:00,68,0.0,1,0.72,Resting
2025-12-16 23:20:00,60,0.0,5,0.8,Resting
2025-12-16 23:25:00,67,0.0,2,0.75,Resting
2025-12-16 23:30:00,70,0.0,4,0.86,Resting
2025-12-16 23:35:00,67,0.0,3,0.79,Resting
2025-12-16 23:40:00,74,0.0,6,0.98,Resting
2025-12-16 23:45:00,63,0.0,7,0.91,Resting
2025-12-16 23:50:00,68,0.0,8,1.0,Resting
2025-12-16 23:55:00,66,0.0,5,0.86,Resting
