timestamp,heart_rate_bpm,sleep_hours,step_count,calories_burned,activity_type
2025-12-26 00:00:00,60,0.08,5,0.8,Sleeping
2025-12-26 00:05:00,51,0.17,6,0.75,Sleeping
2025-12-26 00:10:00,55,0.25,1,0.59,Sleeping
2025-12-26 00:15:00,55,0.33,6,0.79,Sleeping
2025-12-26 00:20:00,48,0.42,1,0.53,Sleeping
2025-12-26 00:25:00,53,0.5,8,0.85,Sleeping
2025-12-26 00:30:00,59,0.58,3,0.71,Sleeping
2025-12-26 00:35:00,53,0.67,2,0.62,Sleeping
2025-12-26 00:40:00,51,0.75,9,0.87,Sleeping
2025-12-26 00:45:00,51,0.83,9,0.88,Sleeping
2025-12-26 00:50:00,51,0.92,4,0.68,Sleeping
2025-12-26 00:55:00,58,1.0,2,0.66,Sleeping
2025-12-26 01:00:00,58,1.08,8,0.9,Sleeping
2025-12-26 01:05:00,58,1.17,2,0.66,Sleeping
2025-12-26 01:10:00,59,1.25,0,0.59,Sleeping
2025-12-26 01:15:00,61,1.33,0,0.62,Sleeping
2025-12-26 01:20:00,49,1.42,3,0.61,Sleeping
2025-12-26 01:25:00,58,1.5,3,0.7,Sleeping
2025-12-26 01:30:00,53,1.58,7,0.81,Sleeping
2025-12-26 01:35:00,54,1.67,1,0.59,Sleeping
2025-12-26 01:40:00,58,1.75,0,0.58,Sleeping
2025-12-26 01:45:00,55,1.83,1,0.59,Sleeping
2025-12-26 01:50:00,56,1.92,2,0.65,Sleeping
2025-12-26 01:55:00,57,2.0,2,0.65,Sleeping
2025-12-26 02:00:00,55,2.08,5,0.76,Sleeping
2025-12-26 02:05:00,58,2.17,5,0.78,Sleeping
2025-12-26 02:10:00,53,2.25,6,0.78,Sleeping
2025-12-26 02:15:00,58,2.33,1,0.63,Sleeping
2025-12-26 02:20:00,58,2.42,4,0.75,Sleeping
2025-12-26 02:25:00,47,2.5,7,0.76,Sleeping
2025-12-26 02:30:00,56,2.58,7,0.84,Sleeping
2025-12-26 02:35:00,58,2.67,6,0.82,Sleeping
2025-12-26 02:40:00,56,2.75,4,0.72,Sleeping
2025-12-26 02:45:00,55,2.83,1,0.59,Sleeping
2025-12-26 02:50:00,58,2.92,1,0.62,Sleeping
2025-12-26 02:55:00,62,3.0,9,0.98,Sleeping
2025-12-26 03:00:00,56,3.08,9,0.93,Sleeping
2025-12-26 03:05:00,58,3.17,5,0.79,Sleeping
2025-12-26 03:10:00,51,3.25,9,0.88,Sleeping
2025-12-26 03:15:00,54,3.33,8,0.86,Sleeping
2025-12-26 03:20:00,56,3.42,7,0.85,Sleeping
2025-12-26 03:25:00,52,3.5,8,0.85,Sleeping
2025-12-26 03:30:00,56,3.58,0,0.56,Sleeping
2025-12-26 03:35:00,55,3.67,1,0.6,Sleeping
2025-12-26 03:40:00,64,3.75,0,0.64,Sleeping
2025-12-26 03:45:00,52,3.83,1,0.57,Sleeping
2025-12-26 03:50:00,54,3.92,8,0.87,Sleeping
2025-12-26 03:55:00,57,4.0,0,0.58,Sleeping
2025-12-26 04:00:00,57,4.08,0,0.57,Sleeping
2025-12-26 04:05:00,51,4.17,7,0.8,Sleeping
2025-12-26 04:10:00,58,4.25,2,0.66,Sleeping
2025-12-26 04:15:00,47,4.33,9,0.83,Sleeping
2025-12-26 04:20:00,50,4.42,3,0.62,Sleeping
2025-12-26 04:25:00,56,4.5,2,0.65,Sleeping
2025-12-26 04:30:00,55,4.58,1,0.59,Sleeping
2025-12-26 04:35:00,58,4.67,5,0.78,Sleeping
2025-12-26 04:40:00,49,4.75,6,0.74,Sleeping
2025-12-26 04:45:00,58,4.83,5,0.79,Sleeping
2025-12-26 04:50:00,54,4.92,1,0.58,Sleeping
2025-12-26 04:55:00,61,5.0,6,0.85,Sleeping
2025-12-26 05:00:00,57,5.08,6,0.81,Sleeping
2025-12-26 05:05:00,54,5.17,7,0.83,Sleeping
2025-12-26 05:10:00,54,5.25,8,0.86,Sleeping
2025-12-26 05:15:00,56,5.33,4,0.72,Sleeping
2025-12-26 05:20:00,53,5.42,3,0.66,Sleeping
2025-12-26 05:25:00,52,5.5,2,0.61,Sleeping
2025-12-26 05:30:00,64,5.58,3,0.76,Sleeping
2025-12-26 05:35:00,59,5.67,3,0.71,Sleeping
2025-12-26 05:40:00,53,5.75,4,0.7,Sleeping
2025-12-26 05:45:00,55,5.83,3,0.67,Sleeping
2025-12-26 05:50:00,58,5.92,2,0.67,Sleeping
2025-12-26 05:55:00,55,6.0,7,0.83,Sleeping
2025-12-26 06:00:00,78,0.0,68,3.51,Walking
2025-12-26 06:05:00,83,0.0,65,3.44,Walking
2025-12-26 06:10:00,88,0.0,68,3.6,Walking
2025-12-26 06:15:00,91,0.0,35,2.31,Walking
2025-12-26 06:20:00,85,0.0,53,2.98,Walking
2025-12-26 06:25:00,85,0.0,63,3.38,Walking
2025-12-26 06:30:00,80,0.0,46,2.65,Walking
2025-12-26 06:35:00,84,0.0,60,3.25,Walking
2025-12-26 06:40:00,81,0.0,66,3.46,Walking
2025-12-26 06:45:00,92,0.0,42,2.6,Walking
2025-12-26 06:50:00,80,0.0,57,3.08,Walking
2025-12-26 06:55:00,86,0.0,54,3.03,Walking
2025-12-26 07:00:00,91,0.0,66,3.55,Walking
2025-12-26 07:05:00,93,0.0,46,2.77,Walking
2025-12-26 07:10:00,88,0.0,48,2.81,Walking
2025-12-26 07:15:00,87,0.0,64,3.44,Walking
2025-12-26 07:20:00,87,0.0,41,2.51,Walking
2025-12-26 07:25:00,84,0.0,30,2.04,Walking
2025-12-26 07:30:00,80,0.0,39,2.37,Walking
2025-12-26 07:35:00,80,0.0,33,2.13,Walking
2025-12-26 07:40:00,83,0.0,52,2.92,Walking
2025-12-26 07:45:00,94,0.0,69,3.71,Walking
2025-12-26 07:50:00,77,0.0,66,3.42,Walking
2025-12-26 07:55:00,91,0.0,35,2.31,Walking
2025-12-26 08:00:00,91,0.0,56,3.15,Walking
2025-12-26 08:05:00,81,0.0,66,3.46,Walking
2025-12-26 08:10:00,86,0.0,35,2.26,Walking
2025-12-26 08:15:00,85,0.0,66,3.49,Walking
2025-12-26 08:20:00,82,0.0,56,3.07,Walking
2025-12-26 08:25:00,83,0.0,46,2.68,Walking
2025-12-26 08:30:00,82,0.0,40,2.43,Walking
2025-12-26 08:35:00,77,0.0,34,2.13,Walking
2025-12-26 08:40:00,81,0.0,50,2.82,Walking
2025-12-26 08:45:00,78,0.0,35,2.19,Walking
2025-12-26 08:50:00,89,0.0,40,2.5,Walking
2025-12-26 08:55:00,83,0.0,37,2.32,Walking
2025-12-26 09:00:00,63,0.0,5,0.84,Resting
2025-12-26 09:05:00,62,0.0,3,0.75,Resting
2025-12-26 09:10:00,65,0.0,0,0.66,Resting
2025-12-26 09:15:00,65,0.0,6,0.9,Resting
2025-12-26 09:20:00,61,0.0,3,0.74,Resting
2025-12-26 09:25:00,72,0.0,4,0.89,Resting
2025-12-26 09:30:00,62,0.0,2,0.7,Resting
2025-12-26 09:35:00,65,0.0,4,0.81,Resting
2025-12-26 09:40:00,67,0.0,4,0.84,Resting
2025-12-26 09:45:00,67,0.0,3,0.8,Resting
2025-12-26 09:50:00,54,0.0,6,0.79,Resting
2025-12-26 09:55:00,70,0.0,8,1.02,Resting
2025-12-26 10:00:00,64,0.0,1,0.68,Resting
2025-12-26 10:05:00,68,0.0,8,1.0,Resting
2025-12-26 10:10:00,63,0.0,7,0.91,Resting
2025-12-26 10:15:00,63,0.0,1,0.68,Resting
2025-12-26 10:20:00,73,0.0,3,0.86,Resting
2025-12-26 10:25:00,63,0.0,9,0.99,Resting
2025-12-26 10:30:00,66,0.0,8,0.99,Resting
2025-12-26 10:35:00,67,0.0,1,0.71,Resting
2025-12-26 10:40:00,66,0.0,2,0.75,Resting
2025-12-26 10:45:00,60,0.0,8,0.93,Resting
2025-12-26 10:50:00,65,0.0,9,1.02,Resting
2025-12-26 10:55:00,68,0.0,2,0.77,Resting
2025-12-26 11:00:00,58,0.0,3,0.7,Resting
2025-12-26 11:05:00,60,0.0,1,0.64,Resting
2025-12-26 11:10:00,65,0.0,9,1.02,Resting
2025-12-26 11:15:00,63,0.0,9,0.99,Resting
2025-12-26 11:20:00,65,0.0,8,0.97,Resting
2025-12-26 11:25:00,63,0.0,7,0.91,Resting
2025-12-26 11:30:00,60,0.0,8,0.93,Resting
2025-12-26 11:35:00,65,0.0,0,0.66,Resting
2025-12-26 11:40:00,64,0.0,8,0.97,Resting
2025-12-26 11:45:00,65,0.0,5,0.86,Resting
2025-12-26 11:50:00,67,0.0,0,0.68,Resting
2025-12-26 11:55:00,63,0.0,7,0.92,Resting
2025-12-26 12:00:00,133,0.0,130,6.54,Running
2025-12-26 12:05:00,129,0.0,143,7.01,Running
2025-12-26 12:10:00,128,0.0,117,5.97,Running
2025-12-26 12:15:00,137,0.0,118,6.1,Running
2025-12-26 12:20:00,133,0.0,126,6.37,Running
2025-12-26 12:25:00,127,0.0,140,6.88,Running
2025-12-26 12:30:00,134,0.0,123,6.26,Running
2025-12-26 12:35:00,130,0.0,120,6.11,Running
2025-12-26 12:40:00,132,0.0,125,6.33,Running
2025-12-26 12:45:00,125,0.0,114,5.81,Running
2025-12-26 12:50:00,126,0.0,125,6.27,Running
2025-12-26 12:55:00,128,0.0,104,5.44,Running
2025-12-26 13:00:00,131,0.0,131,6.55,Running
2025-12-26 13:05:00,133,0.0,105,5.54,Running
2025-12-26 13:10:00,141,0.0,126,6.46,Running
2025-12-26 13:15:00,126,0.0,110,5.67,Running
2025-12-26 13:20:00,122,0.0,144,6.99,Running
2025-12-26 13:25:00,131,0.0,124,6.27,Running
2025-12-26 13:30:00,132,0.0,118,6.04,Running
2025-12-26 13:35:00,130,0.0,136,6.75,Running
2025-12-26 13:40:00,126,0.0,124,6.23,Running
2025-12-26 13:45:00,135,0.0,108,5.67,Running
2025-12-26 13:50:00,137,0.0,132,6.65,Running
2025-12-26 13:55:00,124,0.0,144,7.01,Running
2025-12-26 14:00:00,82,0.0,46,2.66,Walking
2025-12-26 14:05:00,81,0.0,37,2.3,Walking
2025-12-26 14:10:00,90,0.0,30,2.1,Walking
2025-12-26 14:15:00,89,0.0,43,2.61,Walking
2025-12-26 14:20:00,88,0.0,58,3.21,Walking
2025-12-26 14:25:00,90,0.0,51,2.95,Walking
2025-12-26 14:30:00,80,0.0,66,3.45,Walking
2025-12-26 14:35:00,88,0.0,46,2.72,Walking
2025-12-26 14:40:00,91,0.0,38,2.43,Walking
2025-12-26 14:45:00,80,0.0,49,2.77,Walking
2025-12-26 14:50:00,76,0.0,59,3.13,Walking
2025-12-26 14:55:00,87,0.0,61,3.32,Walking
2025-12-26 15:00:00,78,0.0,44,2.55,Walking
2025-12-26 15:05:00,84,0.0,52,2.92,Walking
2025-12-26 15:10:00,85,0.0,52,2.93,Walking
2025-12-26 15:15:00,86,0.0,41,2.51,Walking
2025-12-26 15:20:00,80,0.0,68,3.53,Walking
2025-12-26 15:25:00,85,0.0,35,2.25,Walking
2025-12-26 15:30:00,86,0.0,43,2.59,Walking
2025-12-26 15:35:00,93,0.0,61,3.37,Walking
2025-12-26 15:40:00,85,0.0,33,2.17,Walking
2025-12-26 15:45:00,79,0.0,68,3.51,Walking
2025-12-26 15:50:00,87,0.0,46,2.71,Walking
2025-12-26 15:55:00,90,0.0,66,3.54,Walking
2025-12-26 16:00:00,84,0.0,40,2.45,Walking
2025-12-26 16:05:00,81,0.0,32,2.09,Walking
2025-12-26 16:10:00,85,0.0,59,3.21,Walking
2025-12-26 16:15:00,86,0.0,38,2.38,Walking
2025-12-26 16:20:00,80,0.0,39,2.36,Walking
2025-12-26 16:25:00,85,0.0,62,3.33,Walking
2025-12-26 16:30:00,87,0.0,47,2.75,Walking
2025-12-26 16:35:00,84,0.0,44,2.6,Walking
2025-12-26 16:40:00,74,0.0,35,2.14,Walking
2025-12-26 16:45:00,89,0.0,43,2.61,Walking
2025-12-26 16:50:00,84,0.0,35,2.24,Walking
2025-12-26 16:55:00,85,0.0,35,2.25,Walking
2025-12-26 17:00:00,82,0.0,52,2.91,Walking
2025-12-26 17:05:00,89,0.0,67,3.58,Walking
2025-12-26 17:10:00,84,0.0,50,2.84,Walking
2025-12-26 17:15:00,86,0.0,59,3.22,Walking
2025-12-26 17:20:00,85,0.0,52,2.93,Walking
2025-12-26 17:25:00,90,0.0,32,2.19,Walking
2025-12-26 17:30:00,82,0.0,36,2.26,Walking
2025-12-26 17:35:00,78,0.0,40,2.38,Walking
2025-12-26 17:40:00,89,0.0,54,3.05,Walking
2025-12-26 17:45:00,87,0.0,37,2.36,Walking
2025-12-26 17:50:00,88,0.0,38,2.4,Walking
2025-12-26 17:55:00,92,0.0,69,3.69,Walking
2025-12-26 18:00:00,122,0.0,93,4.94,Workout
2025-12-26 18:05:00,126,0.0,62,3.74,Workout
2025-12-26 18:10:00,117,0.0,117,5.86,Workout
2025-12-26 18:15:00,121,0.0,75,4.22,Workout
2025-12-26 18:20:00,114,0.0,96,4.98,Workout
2025-12-26 18:25:00,120,0.0,94,4.97,Workout
2025-12-26 18:30:00,123,0.0,96,5.07,Workout
2025-12-26 18:35:00,118,0.0,80,4.38,Workout
2025-12-26 18:40:00,119,0.0,72,4.08,Workout
2025-12-26 18:45:00,125,0.0,80,4.45,Workout
2025-12-26 18:50:00,122,0.0,69,3.98,Workout
2025-12-26 18:55:00,115,0.0,80,4.35,Workout
2025-12-26 19:00:00,126,0.0,119,6.03,Workout
2025-12-26 19:05:00,118,0.0,90,4.79,Workout
2025-12-26 19:10:00,109,0.0,78,4.21,Workout
2025-12-26 19:15:00,116,0.0,77,4.25,Workout
2025-12-26 19:20:00,116,0.0,102,5.24,Workout
2025-12-26 19:25:00,122,0.0,63,3.74,Workout
2025-12-26 19:30:00,124,0.0,69,4.0,Workout
2025-12-26 19:35:00,123,0.0,110,5.63,Workout
2025-12-26 19:40:00,121,0.0,83,4.53,Workout
2025-12-26 19:45:00,123,0.0,114,5.79,Workout
2025-12-26 19:50:00,122,0.0,64,3.79,Workout
2025-12-26 19:55:00,115,0.0,98,5.07,Workout
2025-12-26 20:00:00,67,0.0,3,0.8,Resting
2025-12-26 20:05:00,67,0.0,3,0.79,Resting
2025-12-26 20:10:00,61,0.0,4,0.78,Resting
2025-12-26 20:15:00,67,0.0,0,0.68,Resting
2025-12-26 20:20:00,66,0.0,2,0.74,Resting
2025-12-26 20:25:00,64,0.0,9,1.01,Resting
2025-12-26 20:30:00,65,0.0,9,1.02,Resting
2025-12-26 20:35:00,66,0.0,0,0.66,Resting
2025-12-26 20:40:00,63,0.0,0,0.64,Resting
2025-12-26 20:45:00,66,0.0,7,0.95,Resting
2025-12-26 20:50:00,70,0.0,5,0.9,Resting
2025-12-26 20:55:00,60,0.0,1,0.64,Resting
2025-12-26 21:00:00,68,0.0,1,0.73,Resting
2025-12-26 21:05:00,67,0.0,0,0.68,Resting
2025-12-26 21:10:00,63,0.0,7,0.92,Resting
2025-12-26 21:15:00,62,0.0,7,0.9,Resting
2025-12-26 21:20:00,73,0.0,2,0.81,Resting
2025-12-26 21:25:00,66,0.0,3,0.79,Resting
2025-12-26 21:30:00,63,0.0,7,0.91,Resting
2025-12-26 21:35:00,74,0.0,9,1.1,Resting
2025-12-26 21:40:00,66,0.0,4,0.83,Resting
2025-12-26 21:45:00,64,0.0,2,0.73,Resting
2025-12-26 21:50:00,67,0.0,0,0.67,Resting
2025-12-26 21:55:00,63,0.0,2,0.72,Resting
2025-12-26 22:00:00,65,0.0,5,0.86,Resting
2025-12-26 22:05:00,65,0.0,0,0.66,Resting
2025-12-26 22:10:00,62,0.0,8,0.94,Resting
2025-12-26 22:15:00,71,0.0,9,1.08,Resting
2025-12-26 22:20:00,64,0.0,9,1.01,Resting
2025-12-26 22:25:00,57,0.0,5,0.77,Resting
2025-12-26 22:30:00,57,0.0,0,0.58,Resting
2025-12-26 22:35:00,72,0.0,5,0.93,Resting
2025-12-26 22:40:00,69,0.0,9,1.05,Resting
2025-12-26 22:45:00,61,0.0,1,0.66,Resting
2025-12-26 22:50:00,63,0.0,3,0.75,Resting
2025-12-26 22:55:00,58,0.0,3,0.7,Resting
2025-12-26 23:00:00,65,0.0,3,0.77,Resting
2025-12-26 23:05:00,68,0.0,2,0.76,Resting
2025-12-26 23:10:00,67,0.0,9,1.03,Resting
2025-12-26 23:15:00,68,0.0,3,0.81,Resting
2025-12-26 23:20:00,65,0.0,8,0.97,Resting
2025-12-26 23:25:00,59,0.0,9,0.95,Resting
2025-12-26 23:30:00,71,0.0,0,0.72,Resting
2025-12-26 23:35:00,67,0.0,0,0.68,Resting
2025-12-26 23:40:00,67,0.0,8,0.99,Resting
2025-12-26 23:45:00,72,0.0,0,0.72,Resting
2025-12-26 23:50:00,67,0.0,0,0.67,Resting
2025-12-26 23:55:00,68,0.0,6,0.93,Resting
2025-12-27 00:00:00,61,0.08,9,0.98,Sleeping
2025-12-27 00:05:00,54,0.17,0,0.54,Sleeping
2025-12-27 00:10:00,59,0.25,6,0.84,Sleeping
2025-12-27 00:15:00,49,0.33,3,0.62,Sleeping
2025-12-27 00:20:00,55,0.42,1,0.59,Sleeping
2025-12-27 00:25:00,50,0.5,1,0.55,Sleeping
2025-12-27 00:30:00,62,0.58,8,0.95,Sleeping
2025-12-27 00:35:00,52,0.67,8,0.85,Sleeping
2025-12-27 00:40:00,60,0.75,9,0.96,Sleeping
2025-12-27 00:45:00,60,0.83,2,0.68,Sleeping
2025-12-27 00:50:00,58,0.92,5,0.78,Sleeping
2025-12-27 00:55:00,53,1.0,2,0.62,Sleeping
2025-12-27 01:00:00,53,1.08,2,0.62,Sleeping
2025-12-27 01:05:00,57,1.17,7,0.85,Sleeping
2025-12-27 01:10:00,46,1.25,3,0.59,Sleeping
2025-12-27 01:15:00,58,1.33,0,0.58,Sleeping
2025-12-27 01:20:00,58,1.42,1,0.63,Sleeping
2025-12-27 01:25:00,58,1.5,9,0.95,Sleeping
2025-12-27 01:30:00,59,1.58,7,0.88,Sleeping
2025-12-27 01:35:00,60,1.67,2,0.68,Sleeping
2025-12-27 01:40:00,56,1.75,4,0.73,Sleeping
2025-12-27 01:45:00,55,1.83,2,0.63,Sleeping
2025-12-27 01:50:00,53,1.92,2,0.61,Sleeping
2025-12-27 01:55:00,52,2.0,9,0.88,Sleeping
2025-12-27 02:00:00,58,2.08,7,0.87,Sleeping
2025-12-27 02:05:00,54,2.17,4,0.7,Sleeping
2025-12-27 02:10:00,59,2.25,6,0.84,Sleeping
2025-12-27 02:15:00,54,2.33,9,0.91,Sleeping
2025-12-27 02:20:00,53,2.42,1,0.57,Sleeping
2025-12-27 02:25:00,50,2.5,4,0.67,Sleeping
2025-12-27 02:30:00,49,2.58,2,0.57,Sleeping
2025-12-27 02:35:00,58,2.67,9,0.94,Sleeping
2025-12-27 02:40:00,50,2.75,8,0.82,Sleeping
2025-12-27 02:45:00,57,2.83,8,0.89,Sleeping
2025-12-27 02:50:00,56,2.92,5,0.76,Sleeping
2025-12-27 02:55:00,58,3.0,4,0.75,Sleeping
2025-12-27 03:00:00,46,3.08,9,0.83,Sleeping
2025-12-27 03:05:00,60,3.17,4,0.76,Sleeping
2025-12-27 03:10:00,50,3.25,4,0.66,Sleeping
2025-12-27 03:15:00,60,3.33,8,0.93,Sleeping
2025-12-27 03:20:00,62,3.42,8,0.95,Sleeping
2025-12-27 03:25:00,52,3.5,6,0.76,Sleeping
2025-12-27 03:30:00,55,3.58,5,0.75,Sleeping
2025-12-27 03:35:00,54,3.67,1,0.59,Sleeping
2025-12-27 03:40:00,53,3.75,8,0.86,Sleeping
2025-12-27 03:45:00,54,3.83,1,0.59,Sleeping
2025-12-27 03:50:00,57,3.92,2,0.66,Sleeping
2025-12-27 03:55:00,52,4.0,5,0.73,Sleeping
2025-12-27 04:00:00,59,4.08,4,0.75,Sleeping
2025-12-27 04:05:00,55,4.17,4,0.71,Sleeping
2025-12-27 04:10:00,54,4.25,8,0.86,Sleeping
2025-12-27 04:15:00,56,4.33,9,0.92,Sleeping
2025-12-27 04:20:00,57,4.42,9,0.94,Sleeping
2025-12-27 04:25:00,53,4.5,3,0.65,Sleeping
2025-12-27 04:30:00,51,4.58,0,0.52,Sleeping
2025-12-27 04:35:00,52,4.67,2,0.61,Sleeping
2025-12-27 04:40:00,54,4.75,4,0.71,Sleeping
2025-12-27 04:45:00,51,4.83,2,0.6,Sleeping
2025-12-27 04:50:00,54,4.92,9,0.9,Sleeping
2025-12-27 04:55:00,53,5.0,9,0.89,Sleeping
2025-12-27 05:00:00,53,5.08,6,0.78,Sleeping
2025-12-27 05:05:00,62,5.17,1,0.66,Sleeping
2025-12-27 05:10:00,57,5.25,9,0.94,Sleeping
2025-12-27 05:15:00,59,5.33,4,0.75,Sleeping
2025-12-27 05:20:00,48,5.42,3,0.6,Sleeping
2025-12-27 05:25:00,54,5.5,5,0.75,Sleeping
2025-12-27 05:30:00,53,5.58,4,0.7,Sleeping
2025-12-27 05:35:00,54,5.67,5,0.75,Sleeping
2025-12-27 05:40:00,56,5.75,1,0.6,Sleeping
2025-12-27 05:45:00,54,5.83,5,0.75,Sleeping
2025-12-27 05:50:00,49,5.92,7,0.77,Sleeping
2025-12-27 05:55:00,51,6.0,3,0.63,Sleeping
2025-12-27 06:00:00,82,0.0,60,3.23,Walking
2025-12-27 06:05:00,83,0.0,39,2.4,Walking
2025-12-27 06:10:00,81,0.0,59,3.18,Walking
2025-12-27 06:15:00,85,0.0,43,2.58,Walking
2025-12-27 06:20:00,87,0.0,39,2.43,Walking
2025-12-27 06:25:00,90,0.0,37,2.38,Walking
2025-12-27 06:30:00,82,0.0,49,2.78,Walking
2025-12-27 06:35:00,83,0.0,55,3.04,Walking
2025-12-27 06:40:00,84,0.0,34,2.2,Walking
2025-12-27 06:45:00,91,0.0,43,2.64,Walking
2025-12-27 06:50:00,79,0.0,44,2.56,Walking
2025-12-27 06:55:00,87,0.0,51,2.92,Walking
2025-12-27 07:00:00,87,0.0,36,2.31,Walking
2025-12-27 07:05:00,83,0.0,66,3.48,Walking
2025-12-27 07:10:00,87,0.0,30,2.07,Walking
2025-12-27 07:15:00,93,0.0,37,2.42,Walking
2025-12-27 07:20:00,85,0.0,58,3.18,Walking
2025-12-27 07:25:00,89,0.0,43,2.62,Walking
2025-12-27 07:30:00,89,0.0,65,3.5,Walking
2025-12-27 07:35:00,87,0.0,69,3.64,Walking
2025-12-27 07:40:00,85,0.0,30,2.06,Walking
2025-12-27 07:45:00,82,0.0,59,3.18,Walking
2025-12-27 07:50:00,88,0.0,42,2.56,Walking
2025-12-27 07:55:00,86,0.0,55,3.06,Walking
2025-12-27 08:00:00,86,0.0,37,2.35,Walking
2025-12-27 08:05:00,90,0.0,64,3.47,Walking
2025-12-27 08:10:00,88,0.0,62,3.36,Walking
2025-12-27 08:15:00,78,0.0,53,2.9,Walking
2025-12-27 08:20:00,85,0.0,41,2.5,Walking
2025-12-27 08:25:00,81,0.0,31,2.06,Walking
2025-12-27 08:30:00,81,0.0,63,3.34,Walking
2025-12-27 08:35:00,88,0.0,39,2.44,Walking
2025-12-27 08:40:00,85,0.0,36,2.3,Walking
2025-12-27 08:45:00,83,0.0,59,3.19,Walking
2025-12-27 08:50:00,86,0.0,52,2.94,Walking
2025-12-27 08:55:00,89,0.0,47,2.77,Walking
2025-12-27 09:00:00,70,0.0,3,0.82,Resting
2025-12-27 09:05:00,60,0.0,1,0.64,Resting
2025-12-27 09:10:00,66,0.0,6,0.9,Resting
2025-12-27 09:15:00,62,0.0,1,0.66,Resting
2025-12-27 09:20:00,65,0.0,4,0.81,Resting
2025-12-27 09:25:00,67,0.0,0,0.68,Resting
2025-12-27 09:30:00,66,0.0,5,0.86,Resting
2025-12-27 09:35:00,58,0.0,9,0.94,Resting
2025-12-27 09:40:00,67,0.0,3,0.79,Resting
2025-12-27 09:45:00,56,0.0,0,0.57,Resting
2025-12-27 09:50:00,63,0.0,1,0.67,Resting
2025-12-27 09:55:00,62,0.0,1,0.66,Resting
2025-12-27 10:00:00,70,0.0,9,1.06,Resting
2025-12-27 10:05:00,67,0.0,5,0.88,Resting
2025-12-27 10:10:00,62,0.0,6,0.86,Resting
2025-12-27 10:15:00,61,0.0,8,0.94,Resting
2025-12-27 10:20:00,66,0.0,3,0.78,Resting
2025-12-27 10:25:00,62,0.0,2,0.71,Resting
2025-12-27 10:30:00,62,0.0,4,0.79,Resting
2025-12-27 10:35:00,66,0.0,6,0.9,Resting
2025-12-27 10:40:00,64,0.0,6,0.89,Resting
2025-12-27 10:45:00,64,0.0,1,0.68,Resting
2025-12-27 10:50:00,72,0.0,0,0.72,Resting
2025-12-27 10:55:00,71,0.0,3,0.83,Resting
2025-12-27 11:00:00,63,0.0,7,0.92,Resting
2025-12-27 11:05:00,68,0.0,6,0.92,Resting
2025-12-27 11:10:00,69,0.0,1,0.74,Resting
2025-12-27 11:15:00,71,0.0,4,0.87,Resting
2025-12-27 11:20:00,63,0.0,1,0.67,Resting
2025-12-27 11:25:00,62,0.0,3,0.74,Resting
2025-12-27 11:30:00,65,0.0,2,0.74,Resting
2025-12-27 11:35:00,66,0.0,4,0.83,Resting
2025-12-27 11:40:00,69,0.0,5,0.9,Resting
2025-12-27 11:45:00,59,0.0,2,0.67,Resting
2025-12-27 11:50:00,67,0.0,3,0.79,Resting
2025-12-27 11:55:00,60,0.0,6,0.85,Resting
2025-12-27 12:00:00,128,0.0,102,5.37,Running
2025-12-27 12:05:00,121,0.0,103,5.33,Running
2025-12-27 12:10:00,134,0.0,115,5.94,Running
2025-12-27 12:15:00,133,0.0,128,6.45,Running
2025-12-27 12:20:00,122,0.0,137,6.71,Running
2025-12-27 12:25:00,130,0.0,101,5.35,Running
2025-12-27 12:30:00,124,0.0,125,6.25,Running
2025-12-27 12:35:00,121,0.0,109,5.58,Running
2025-12-27 12:40:00,132,0.0,103,5.44,Running
2025-12-27 12:45:00,133,0.0,143,7.05,Running
2025-12-27 12:50:00,129,0.0,109,5.66,Running
2025-12-27 12:55:00,127,0.0,135,6.68,Running
2025-12-27 13:00:00,131,0.0,121,6.15,Running
2025-12-27 13:05:00,126,0.0,130,6.46,Running
2025-12-27 13:10:00,132,0.0,113,5.84,Running
2025-12-27 13:15:00,132,0.0,122,6.2,Running
2025-12-27 13:20:00,133,0.0,128,6.45,Running
2025-12-27 13:25:00,127,0.0,113,5.8,Running
2025-12-27 13:30:00,137,0.0,105,5.57,Running
2025-12-27 13:35:00,120,0.0,103,5.33,Running
2025-12-27 13:40:00,130,0.0,131,6.55,Running
2025-12-27 13:45:00,126,0.0,114,5.82,Running
2025-12-27 13:50:00,126,0.0,110,5.67,Running
2025-12-27 13:55:00,129,0.0,107,5.57,Running
2025-12-27 14:00:00,89,0.0,51,2.94,Walking
2025-12-27 14:05:00,89,0.0,64,3.46,Walking
2025-12-27 14:10:00,81,0.0,44,2.58,Walking
2025-12-27 14:15:00,83,0.0,49,2.79,Walking
2025-12-27 14:20:00,79,0.0,59,3.16,Walking
2025-12-27 14:25:00,77,0.0,49,2.74,Walking
2025-12-27 14:30:00,86,0.0,64,3.43,Walking
2025-12-27 14:35:00,91,0.0,60,3.32,Walking
2025-12-27 14:40:00,85,0.0,53,2.98,Walking
2025-12-27 14:45:00,82,0.0,52,2.9,Walking
2025-12-27 14:50:00,78,0.0,49,2.75,Walking
2025-12-27 14:55:00,85,0.0,41,2.49,Walking
2025-12-27 15:00:00,87,0.0,69,3.64,Walking
2025-12-27 15:05:00,77,0.0,62,3.26,Walking
2025-12-27 15:10:00,81,0.0,51,2.85,Walking
2025-12-27 15:15:00,87,0.0,33,2.19,Walking
2025-12-27 15:20:00,88,0.0,34,2.25,Walking
2025-12-27 15:25:00,84,0.0,39,2.41,Walking
2025-12-27 15:30:00,82,0.0,41,2.47,Walking
2025-12-27 15:35:00,90,0.0,31,2.15,Walking
2025-12-27 15:40:00,88,0.0,53,3.01,Walking
2025-12-27 15:45:00,90,0.0,57,3.19,Walking
2025-12-27 15:50:00,83,0.0,65,3.43,Walking
2025-12-27 15:55:00,81,0.0,35,2.22,Walking
2025-12-27 16:00:00,86,0.0,44,2.62,Walking
2025-12-27 16:05:00,82,0.0,54,2.99,Walking
2025-12-27 16:10:00,91,0.0,58,3.23,Walking
2025-12-27 16:15:00,84,0.0,60,3.24,Walking
2025-12-27 16:20:00,87,0.0,46,2.72,Walking
2025-12-27 16:25:00,88,0.0,34,2.25,Walking
2025-12-27 16:30:00,84,0.0,58,3.16,Walking
2025-12-27 16:35:00,86,0.0,62,3.35,Walking
2025-12-27 16:40:00,88,0.0,51,2.92,Walking
2025-12-27 16:45:00,88,0.0,46,2.73,Walking
2025-12-27 16:50:00,89,0.0,62,3.38,Walking
2025-12-27 16:55:00,91,0.0,52,2.99,Walking
2025-12-27 17:00:00,83,0.0,64,3.4,Walking
2025-12-27 17:05:00,82,0.0,59,3.18,Walking
2025-12-27 17:10:00,87,0.0,37,2.35,Walking
2025-12-27 17:15:00,89,0.0,50,2.89,Walking
2025-12-27 17:20:00,83,0.0,47,2.72,Walking
2025-12-27 17:25:00,88,0.0,46,2.73,Walking
2025-12-27 17:30:00,76,0.0,53,2.89,Walking
2025-12-27 17:35:00,86,0.0,41,2.51,Walking
2025-12-27 17:40:00,79,0.0,36,2.23,Walking
2025-12-27 17:45:00,81,0.0,48,2.74,Walking
2025-12-27 17:50:00,79,0.0,56,3.04,Walking
2025-12-27 17:55:00,93,0.0,57,3.21,Walking
2025-12-27 18:00:00,124,0.0,80,4.45,Workout
2025-12-27 18:05:00,127,0.0,105,5.47,Workout
2025-12-27 18:10:00,119,0.0,98,5.11,Workout
2025-12-27 18:15:00,114,0.0,96,4.98,Workout
2025-12-27 18:20:00,123,0.0,77,4.31,Workout
2025-12-27 18:25:00,121,0.0,91,4.85,Workout
2025-12-27 18:30:00,121,0.0,92,4.89,Workout
2025-12-27 18:35:00,119,0.0,80,4.39,Workout
2025-12-27 18:40:00,124,0.0,109,5.61,Workout
2025-12-27 18:45:00,121,0.0,99,5.18,Workout
2025-12-27 18:50:00,118,0.0,60,3.59,Workout
2025-12-27 18:55:00,122,0.0,107,5.5,Workout
2025-12-27 19:00:00,115,0.0,111,5.6,Workout
2025-12-27 19:05:00,119,0.0,106,5.43,Workout
2025-12-27 19:10:00,114,0.0,62,3.62,Workout
2025-12-27 19:15:00,115,0.0,116,5.8,Workout
2025-12-27 19:20:00,120,0.0,98,5.12,Workout
2025-12-27 19:25:00,124,0.0,86,4.69,Workout
2025-12-27 19:30:00,131,0.0,111,5.75,Workout
2025-12-27 19:35:00,124,0.0,82,4.53,Workout
2025-12-27 19:40:00,122,0.0,87,4.7,Workout
2025-12-27 19:45:00,122,0.0,90,4.83,Workout
2025-12-27 19:50:00,117,0.0,81,4.41,Workout
2025-12-27 19:55:00,124,0.0,86,4.68,Workout
2025-12-27 20:00:00,66,0.0,8,0.98,Resting
2025-12-27 20:05:00,60,0.0,5,0.8,Resting
2025-12-27 20:10:00,66,0.0,1,0.71,Resting
2025-12-27 20:15:00,63,0.0,2,0.72,Resting
2025-12-27 20:20:00,60,0.0,9,0.96,Resting
2025-12-27 20:25:00,71,0.0,0,0.72,Resting
2025-12-27 20:30:00,61,0.0,8,0.93,Resting
2025-12-27 20:35:00,67,0.0,2,0.76,Resting
2025-12-27 20:40:00,68,0.0,8,1.01,Resting
2025-12-27 20:45:00,65,0.0,0,0.66,Resting
2025-12-27 20:50:00,64,0.0,4,0.8,Resting
2025-12-27 20:55:00,64,0.0,6,0.89,Resting
2025-12-27 21:00:00,68,0.0,6,0.93,Resting
2025-12-27 21:05:00,66,0.0,8,0.98,Resting
2025-12-27 21:10:00,65,0.0,1,0.69,Resting
2025-12-27 21:15:00,68,0.0,2,0.76,Resting
2025-12-27 21:20:00,59,0.0,8,0.92,Resting
2025-12-27 21:25:00,66,0.0,0,0.66,Resting
2025-12-27 21:30:00,67,0.0,7,0.95,Resting
2025-12-27 21:35:00,70,0.0,4,0.86,Resting
2025-12-27 21:40:00,61,0.0,0,0.62,Resting
2025-12-27 21:45:00,66,0.0,1,0.71,Resting
2025-12-27 21:50:00,68,0.0,0,0.68,Resting
2025-12-27 21:55:00,65,0.0,0,0.66,Resting
2025-12-27 22:00:00,65,0.0,2,0.74,Resting
2025-12-27 22:05:00,65,0.0,8,0.98,Resting
2025-12-27 22:10:00,69,0.0,0,0.69,Resting
2025-12-27 22:15:00,69,0.0,8,1.02,Resting
2025-12-27 22:20:00,63,0.0,0,0.63,Resting
2025-12-27 22:25:00,66,0.0,6,0.9,Resting
2025-12-27 22:30:00,60,0.0,5,0.81,Resting
2025-12-27 22:35:00,67,0.0,2,0.76,Resting
2025-12-27 22:40:00,69,0.0,8,1.02,Resting
2025-12-27 22:45:00,60,0.0,3,0.73,Resting
2025-12-27 22:50:00,63,0.0,9,1.0,Resting
2025-12-27 22:55:00,73,0.0,8,1.05,Resting
2025-12-27 23:00:00,65,0.0,4,0.82,Resting
2025-12-27 23:05:00,66,0.0,2,0.75,Resting
2025-12-27 23:10:00,67,0.0,8,1.0,Resting
2025-12-27 23:15:00,67,0.0,1,0.72,Resting
2025-12-27 23:20:00,66,0.0,0,0.66,Resting
2025-12-27 23:25:00,60,0.0,3,0.73,Resting
2025-12-27 23:30:00,67,0.0,5,0.88,Resting
2025-12-27 23:35:00,62,0.0,9,0.98,Resting
2025-12-27 23:40:00,64,0.0,8,0.97,Resting
2025-12-27 23:45:00,63,0.0,2,0.72,Resting
2025-12-27 23:50:00,65,0.0,0,0.66,Resting
2025-12-27 23:55:00,59,0.0,0,0.59,Resting
2025-12-28 00:00:00,56,0.08,6,0.8,Sleeping
2025-12-28 00:05:00,53,0.17,9,0.89,Sleeping
2025-12-28 00:10:00,53,0.25,9,0.9,Sleeping
2025-12-28 00:15:00,62,0.33,4,0.79,Sleeping
2025-12-28 00:20:00,58,0.42,4,0.75,Sleeping
2025-12-28 00:25:00,58,0.5,5,0.79,Sleeping
2025-12-28 00:30:00,59,0.58,6,0.83,Sleeping
2025-12-28 00:35:00,51,0.67,4,0.67,Sleeping
2025-12-28 00:40:00,56,0.75,1,0.6,Sleeping
2025-12-28 00:45:00,47,0.83,0,0.47,Sleeping
2025-12-28 00:50:00,58,0.92,1,0.62,Sleeping
2025-12-28 00:55:00,54,1.0,8,0.86,Sleeping
2025-12-28 01:00:00,56,1.08,1,0.6,Sleeping
2025-12-28 01:05:00,55,1.17,6,0.8,Sleeping
2025-12-28 01:10:00,56,1.25,8,0.88,Sleeping
2025-12-28 01:15:00,53,1.33,5,0.73,Sleeping
2025-12-28 01:20:00,56,1.42,7,0.84,Sleeping
2025-12-28 01:25:00,47,1.5,1,0.52,Sleeping
2025-12-28 01:30:00,53,1.58,6,0.77,Sleeping
2025-12-28 01:35:00,51,1.67,6,0.75,Sleeping
2025-12-28 01:40:00,55,1.75,7,0.84,Sleeping
2025-12-28 01:45:00,56,1.83,8,0.89,Sleeping
2025-12-28 01:50:00,52,1.92,8,0.85,Sleeping
2025-12-28 01:55:00,57,2.0,0,0.58,Sleeping
2025-12-28 02:00:00,57,2.08,3,0.69,Sleeping
2025-12-28 02:05:00,55,2.17,8,0.87,Sleeping
2025-12-28 02:10:00,56,2.25,8,0.89,Sleeping
2025-12-28 02:15:00,56,2.33,2,0.64,Sleeping
2025-12-28 02:20:00,60,2.42,6,0.84,Sleeping
2025-12-28 02:25:00,53,2.5,5,0.74,Sleeping
2025-12-28 02:30:00,62,2.58,1,0.67,Sleeping
2025-12-28 02:35:00,50,2.67,5,0.7,Sleeping
2025-12-28 02:40:00,47,2.75,7,0.76,Sleeping
2025-12-28 02:45:00,51,2.83,3,0.63,Sleeping
2025-12-28 02:50:00,58,2.92,2,0.66,Sleeping
2025-12-28 02:55:00,49,3.0,0,0.49,Sleeping
2025-12-28 03:00:00,60,3.08,7,0.89,Sleeping
2025-12-28 03:05:00,52,3.17,2,0.6,Sleeping
2025-12-28 03:10:00,59,3.25,5,0.8,Sleeping
2025-12-28 03:15:00,63,3.33,8,0.95,Sleeping
2025-12-28 03:20:00,54,3.42,1,0.58,Sleeping
2025-12-28 03:25:00,49,3.5,5,0.69,Sleeping
2025-12-28 03:30:00,56,3.58,1,0.6,Sleeping
2025-12-28 03:35:00,57,3.67,3,0.7,Sleeping
2025-12-28 03:40:00,46,3.75,7,0.74,Sleeping
2025-12-28 03:45:00,54,3.83,0,0.54,Sleeping
2025-12-28 03:50:00,49,3.92,0,0.5,Sleeping
2025-12-28 03:55:00,58,4.0,5,0.78,Sleeping
2025-12-28 04:00:00,52,4.08,0,0.53,Sleeping
2025-12-28 04:05:00,58,4.17,5,0.79,Sleeping
2025-12-28 04:10:00,66,4.25,0,0.67,Sleeping
2025-12-28 04:15:00,48,4.33,5,0.69,Sleeping
2025-12-28 04:20:00,55,4.42,7,0.84,Sleeping
2025-12-28 04:25:00,53,4.5,1,0.57,Sleeping
2025-12-28 04:30:00,59,4.58,5,0.8,Sleeping
2025-12-28 04:35:00,55,4.67,8,0.88,Sleeping
2025-12-28 04:40:00,54,4.75,2,0.62,Sleeping
2025-12-28 04:45:00,49,4.83,2,0.58,Sleeping
2025-12-28 04:50:00,51,4.92,2,0.6,Sleeping
2025-12-28 04:55:00,58,5.0,1,0.63,Sleeping
2025-12-28 05:00:00,54,5.08,9,0.91,Sleeping
2025-12-28 05:05:00,56,5.17,1,0.6,Sleeping
2025-12-28 05:10:00,58,5.25,9,0.94,Sleeping
2025-12-28 05:15:00,55,5.33,5,0.76,Sleeping
2025-12-28 05:20:00,48,5.42,5,0.69,Sleeping
2025-12-28 05:25:00,52,5.5,5,0.72,Sleeping
2025-12-28 05:30:00,55,5.58,1,0.6,Sleeping
2025-12-28 05:35:00,50,5.67,1,0.54,Sleeping
2025-12-28 05:40:00,52,5.75,0,0.52,Sleeping
2025-12-28 05:45:00,56,5.83,5,0.76,Sleeping
2025-12-28 05:50:00,59,5.92,2,0.68,Sleeping
2025-12-28 05:55:00,50,6.0,3,0.62,Sleeping
2025-12-28 06:00:00,87,0.0,54,3.04,Walking
2025-12-28 06:05:00,86,0.0,35,2.27,Walking
2025-12-28 06:10:00,83,0.0,54,3.0,Walking
2025-12-28 06:15:00,97,0.0,42,2.65,Walking
2025-12-28 06:20:00,85,0.0,31,2.09,Walking
2025-12-28 06:25:00,85,0.0,38,2.38,Walking
2025-12-28 06:30:00,85,0.0,44,2.61,Walking
2025-12-28 06:35:00,78,0.0,68,3.51,Walking
2025-12-28 06:40:00,87,0.0,49,2.84,Walking
2025-12-28 06:45:00,82,0.0,35,2.22,Walking
2025-12-28 06:50:00,87,0.0,48,2.79,Walking
2025-12-28 06:55:00,81,0.0,31,2.05,Walking
2025-12-28 07:00:00,88,0.0,58,3.21,Walking
2025-12-28 07:05:00,82,0.0,36,2.26,Walking
2025-12-28 07:10:00,90,0.0,58,3.22,Walking
2025-12-28 07:15:00,95,0.0,58,3.27,Walking
2025-12-28 07:20:00,87,0.0,56,3.11,Walking
2025-12-28 07:25:00,87,0.0,60,3.28,Walking
2025-12-28 07:30:00,85,0.0,45,2.65,Walking
2025-12-28 07:35:00,88,0.0,67,3.56,Walking
2025-12-28 07:40:00,86,0.0,55,3.07,Walking
2025-12-28 07:45:00,78,0.0,36,2.23,Walking
2025-12-28 07:50:00,85,0.0,45,2.66,Walking
2025-12-28 07:55:00,84,0.0,69,3.6,Walking
2025-12-28 08:00:00,87,0.0,59,3.24,Walking
2025-12-28 08:05:00,85,0.0,51,2.89,Walking
2025-12-28 08:10:00,85,0.0,38,2.38,Walking
2025-12-28 08:15:00,89,0.0,36,2.34,Walking
2025-12-28 08:20:00,82,0.0,62,3.31,Walking
2025-12-28 08:25:00,85,0.0,66,3.5,Walking
2025-12-28 08:30:00,83,0.0,55,3.03,Walking
2025-12-28 08:35:00,79,0.0,45,2.59,Walking
2025-12-28 08:40:00,83,0.0,66,3.47,Walking
2025-12-28 08:45:00,90,0.0,66,3.54,Walking
2025-12-28 08:50:00,91,0.0,65,3.51,Walking
2025-12-28 08:55:00,78,0.0,44,2.55,Walking
2025-12-28 09:00:00,67,0.0,5,0.88,Resting
2025-12-28 09:05:00,62,0.0,0,0.63,Resting
2025-12-28 09:10:00,66,0.0,2,0.74,Resting
2025-12-28 09:15:00,71,0.0,6,0.95,Resting
2025-12-28 09:20:00,65,0.0,0,0.65,Resting
2025-12-28 09:25:00,64,0.0,9,1.0,Resting
2025-12-28 09:30:00,63,0.0,4,0.8,Resting
2025-12-28 09:35:00,61,0.0,5,0.81,Resting
2025-12-28 09:40:00,64,0.0,3,0.77,Resting
2025-12-28 09:45:00,69,0.0,8,1.01,Resting
2025-12-28 09:50:00,65,0.0,6,0.89,Resting
2025-12-28 09:55:00,65,0.0,1,0.69,Resting
2025-12-28 10:00:00,60,0.0,9,0.96,Resting
2025-12-28 10:05:00,60,0.0,2,0.69,Resting
2025-12-28 10:10:00,66,0.0,0,0.66,Resting
2025-12-28 10:15:00,66,0.0,4,0.83,Resting
2025-12-28 10:20:00,62,0.0,0,0.63,Resting
2025-12-28 10:25:00,69,0.0,4,0.85,Resting
2025-12-28 10:30:00,65,0.0,3,0.77,Resting
2025-12-28 10:35:00,67,0.0,2,0.76,Resting
2025-12-28 10:40:00,72,0.0,0,0.73,Resting
2025-12-28 10:45:00,62,0.0,2,0.7,Resting
2025-12-28 10:50:00,68,0.0,3,0.8,Resting
2025-12-28 10:55:00,64,0.0,1,0.69,Resting
2025-12-28 11:00:00,67,0.0,6,0.92,Resting
2025-12-28 11:05:00,68,0.0,3,0.8,Resting
2025-12-28 11:10:00,63,0.0,1,0.67,Resting
2025-12-28 11:15:00,64,0.0,8,0.97,Resting
2025-12-28 11:20:00,70,0.0,0,0.71,Resting
2025-12-28 11:25:00,66,0.0,4,0.82,Resting
2025-12-28 11:30:00,64,0.0,2,0.73,Resting
2025-12-28 11:35:00,67,0.0,6,0.91,Resting
2025-12-28 11:40:00,57,0.0,0,0.58,Resting
2025-12-28 11:45:00,67,0.0,1,0.71,Resting
2025-12-28 11:50:00,64,0.0,7,0.92,Resting
2025-12-28 11:55:00,59,0.0,2,0.68,Resting
2025-12-28 12:00:00,132,0.0,135,6.73,Running
2025-12-28 12:05:00,129,0.0,145,7.1,Running
2025-12-28 12:10:00,130,0.0,130,6.5,Running
2025-12-28 12:15:00,128,0.0,143,7.01,Running
2025-12-28 12:20:00,127,0.0,110,5.67,Running
2025-12-28 12:25:00,129,0.0,131,6.54,Running
2025-12-28 12:30:00,124,0.0,145,7.04,Running
2025-12-28 12:35:00,124,0.0,125,6.25,Running
2025-12-28 12:40:00,129,0.0,132,6.57,Running
2025-12-28 12:45:00,126,0.0,115,5.86,Running
2025-12-28 12:50:00,130,0.0,138,6.83,Running
2025-12-28 12:55:00,141,0.0,127,6.5,Running
2025-12-28 13:00:00,126,0.0,144,7.03,Running
2025-12-28 13:05:00,132,0.0,140,6.92,Running
2025-12-28 13:10:00,128,0.0,107,5.57,Running
2025-12-28 13:15:00,131,0.0,106,5.56,Running
2025-12-28 13:20:00,128,0.0,143,7.01,Running
2025-12-28 13:25:00,134,0.0,101,5.39,Running
2025-12-28 13:30:00,129,0.0,107,5.57,Running
2025-12-28 13:35:00,129,0.0,108,5.62,Running
2025-12-28 13:40:00,120,0.0,128,6.32,Running
2025-12-28 13:45:00,124,0.0,101,5.29,Running
2025-12-28 13:50:00,128,0.0,141,6.93,Running
2025-12-28 13:55:00,122,0.0,135,6.63,Running
2025-12-28 14:00:00,84,0.0,66,3.49,Walking
2025-12-28 14:05:00,84,0.0,36,2.29,Walking
2025-12-28 14:10:00,85,0.0,31,2.1,Walking
2025-12-28 14:15:00,87,0.0,39,2.44,Walking
2025-12-28 14:20:00,82,0.0,39,2.39,Walking
2025-12-28 14:25:00,76,0.0,30,1.97,Walking
2025-12-28 14:30:00,87,0.0,59,3.23,Walking
2025-12-28 14:35:00,80,0.0,55,3.0,Walking
2025-12-28 14:40:00,92,0.0,47,2.8,Walking
2025-12-28 14:45:00,83,0.0,52,2.92,Walking
2025-12-28 14:50:00,84,0.0,36,2.29,Walking
2025-12-28 14:55:00,76,0.0,52,2.84,Walking
2025-12-28 15:00:00,76,0.0,39,2.33,Walking
2025-12-28 15:05:00,95,0.0,68,3.67,Walking
2025-12-28 15:10:00,86,0.0,47,2.75,Walking
2025-12-28 15:15:00,85,0.0,48,2.77,Walking
2025-12-28 15:20:00,92,0.0,48,2.85,Walking
2025-12-28 15:25:00,89,0.0,45,2.7,Walking
2025-12-28 15:30:00,79,0.0,63,3.32,Walking
2025-12-28 15:35:00,81,0.0,37,2.29,Walking
2025-12-28 15:40:00,89,0.0,57,3.17,Walking
2025-12-28 15:45:00,96,0.0,58,3.29,Walking
2025-12-28 15:50:00,86,0.0,40,2.47,Walking
2025-12-28 15:55:00,87,0.0,52,2.96,Walking
2025-12-28 16:00:00,83,0.0,58,3.16,Walking
2025-12-28 16:05:00,77,0.0,63,3.29,Walking
2025-12-28 16:10:00,84,0.0,64,3.41,Walking
2025-12-28 16:15:00,83,0.0,47,2.72,Walking
2025-12-28 16:20:00,86,0.0,36,2.3,Walking
2025-12-28 16:25:00,90,0.0,54,3.07,Walking
2025-12-28 16:30:00,73,0.0,31,1.98,Walking
2025-12-28 16:35:00,81,0.0,54,2.97,Walking
2025-12-28 16:40:00,87,0.0,50,2.88,Walking
2025-12-28 16:45:00,91,0.0,34,2.28,Walking
2025-12-28 16:50:00,80,0.0,40,2.4,Walking
2025-12-28 16:55:00,81,0.0,31,2.05,Walking
2025-12-28 17:00:00,90,0.0,59,3.27,Walking
2025-12-28 17:05:00,84,0.0,61,3.28,Walking
2025-12-28 17:10:00,88,0.0,44,2.65,Walking
2025-12-28 17:15:00,82,0.0,57,3.11,Walking
2025-12-28 17:20:00,82,0.0,52,2.91,Walking
2025-12-28 17:25:00,82,0.0,33,2.14,Walking
2025-12-28 17:30:00,81,0.0,42,2.5,Walking
2025-12-28 17:35:00,87,0.0,56,3.11,Walking
2025-12-28 17:40:00,84,0.0,41,2.49,Walking
2025-12-28 17:45:00,88,0.0,44,2.65,Walking
2025-12-28 17:50:00,86,0.0,68,3.59,Walking
2025-12-28 17:55:00,80,0.0,37,2.28,Walking
2025-12-28 18:00:00,124,0.0,68,3.96,Workout
2025-12-28 18:05:00,119,0.0,84,4.56,Workout
2025-12-28 18:10:00,123,0.0,109,5.6,Workout
2025-12-28 18:15:00,121,0.0,63,3.73,Workout
2025-12-28 18:20:00,119,0.0,67,3.87,Workout
2025-12-28 18:25:00,116,0.0,68,3.88,Workout
2025-12-28 18:30:00,119,0.0,66,3.84,Workout
2025-12-28 18:35:00,127,0.0,112,5.75,Workout
2025-12-28 18:40:00,112,0.0,68,3.85,Workout
2025-12-28 18:45:00,112,0.0,99,5.08,Workout
2025-12-28 18:50:00,120,0.0,93,4.92,Workout
2025-12-28 18:55:00,123,0.0,83,4.55,Workout
2025-12-28 19:00:00,125,0.0,113,5.77,Workout
2025-12-28 19:05:00,120,0.0,85,4.6,Workout
2025-12-28 19:10:00,115,0.0,66,3.79,Workout
2025-12-28 19:15:00,125,0.0,119,6.02,Workout
2025-12-28 19:20:00,112,0.0,87,4.61,Workout
2025-12-28 19:25:00,122,0.0,93,4.95,Workout
2025-12-28 19:30:00,118,0.0,92,4.86,Workout
2025-12-28 19:35:00,121,0.0,77,4.3,Workout
2025-12-28 19:40:00,124,0.0,91,4.88,Workout
2025-12-28 19:45:00,119,0.0,96,5.03,Workout
2025-12-28 19:50:00,121,0.0,68,3.94,Workout
2025-12-28 19:55:00,111,0.0,83,4.44,Workout
2025-12-28 20:00:00,64,0.0,0,0.65,Resting
2025-12-28 20:05:00,66,0.0,4,0.82,Resting
2025-12-28 20:10:00,66,0.0,6,0.9,Resting
2025-12-28 20:15:00,66,0.0,9,1.03,Resting
2025-12-28 20:20:00,65,0.0,4,0.82,Resting
2025-12-28 20:25:00,60,0.0,8,0.93,Resting
2025-12-28 20:30:00,66,0.0,0,0.67,Resting
2025-12-28 20:35:00,64,0.0,4,0.8,Resting
2025-12-28 20:40:00,65,0.0,3,0.78,Resting
2025-12-28 20:45:00,60,0.0,8,0.93,Resting
2025-12-28 20:50:00,65,0.0,3,0.78,Resting
2025-12-28 20:55:00,61,0.0,8,0.93,Resting
2025-12-28 21:00:00,68,0.0,2,0.77,Resting
2025-12-28 21:05:00,60,0.0,0,0.61,Resting
2025-12-28 21:10:00,65,0.0,0,0.66,Resting
2025-12-28 21:15:00,63,0.0,2,0.72,Resting
2025-12-28 21:20:00,62,0.0,0,0.63,Resting
2025-12-28 21:25:00,69,0.0,9,1.05,Resting
2025-12-28 21:30:00,65,0.0,4,0.81,Resting
2025-12-28 21:35:00,68,0.0,9,1.05,Resting
2025-12-28 21:40:00,65,0.0,7,0.93,Resting
2025-12-28 21:45:00,67,0.0,7,0.95,Resting
2025-12-28 21:50:00,68,0.0,1,0.73,Resting
2025-12-28 21:55:00,63,0.0,8,0.95,Resting
2025-12-28 22:00:00,62,0.0,8,0.95,Resting
2025-12-28 22:05:00,61,0.0,1,0.66,Resting
2025-12-28 22:10:00,68,0.0,0,0.68,Resting
2025-12-28 22:15:00,67,0.0,6,0.91,Resting
2025-12-28 22:20:00,64,0.0,3,0.77,Resting
2025-12-28 22:25:00,58,0.0,3,0.71,Resting
2025-12-28 22:30:00,62,0.0,9,0.99,Resting
2025-12-28 22:35:00,62,0.0,7,0.9,Resting
2025-12-28 22:40:00,62,0.0,2,0.7,Resting
2025-12-28 22:45:00,57,0.0,6,0.82,Resting
2025-12-28 22:50:00,73,0.0,8,1.05,Resting
2025-12-28 22:55:00,57,0.0,6,0.82,Resting
2025-12-28 23:00:00,67,0.0,0,0.68,Resting
2025-12-28 23:05:00,63,0.0,2,0.72,Resting
2025-12-28 23:10:00,62,0.0,4,0.78,Resting
2025-12-28 23:15:00,60,0.0,3,0.72,Resting
2025-12-28 23:20:00,65,0.0,0,0.65,Resting
2025-12-28 23:25:00,59,0.0,7,0.88,Resting
2025-12-28 23:30:00,63,0.0,0,0.64,Resting
2025-12-28 23:35:00,62,0.0,6,0.86,Resting
2025-12-28 23:40:00,59,0.0,5,0.79,Resting
2025-12-28 23:45:00,62,0.0,8,0.94,Resting
2025-12-28 23:50:00,59,0.0,6,0.83,Resting
2025-12-28 23:55:00,70,0.0,4,0.86,Resting
2025-12-29 00:00:00,51,0.08,4,0.67,Sleeping
2025-12-29 00:05:00,49,0.17,4,0.66,Sleeping
2025-12-29 00:10:00,51,0.25,1,0.55,Sleeping
2025-12-29 00:15:00,57,0.33,9,0.93,Sleeping
2025-12-29 00:20:00,48,0.42,6,0.72,Sleeping
2025-12-29 00:25:00,51,0.5,3,0.64,Sleeping
2025-12-29 00:30:00,60,0.58,2,0.69,Sleeping
2025-12-29 00:35:00,58,0.67,1,0.63,Sleeping
2025-12-29 00:40:00,59,0.75,1,0.63,Sleeping
2025-12-29 00:45:00,50,0.83,6,0.74,Sleeping
2025-12-29 00:50:00,57,0.92,5,0.78,Sleeping
2025-12-29 00:55:00,54,1.0,6,0.79,Sleeping
2025-12-29 01:00:00,59,1.08,2,0.67,Sleeping
2025-12-29 01:05:00,53,1.17,8,0.85,Sleeping
2025-12-29 01:10:00,56,1.25,5,0.77,Sleeping
2025-12-29 01:15:00,54,1.33,8,0.87,Sleeping
2025-12-29 01:20:00,57,1.42,4,0.74,Sleeping
2025-12-29 01:25:00,63,1.5,4,0.79,Sleeping
2025-12-29 01:30:00,55,1.58,2,0.64,Sleeping
2025-12-29 01:35:00,50,1.67,4,0.66,Sleeping
2025-12-29 01:40:00,48,1.75,1,0.52,Sleeping
2025-12-29 01:45:00,54,1.83,2,0.62,Sleeping
2025-12-29 01:50:00,57,1.92,0,0.57,Sleeping
2025-12-29 01:55:00,45,2.0,1,0.5,Sleeping
2025-12-29 02:00:00,54,2.08,8,0.86,Sleeping
2025-12-29 02:05:00,54,2.17,7,0.82,Sleeping
2025-12-29 02:10:00,58,2.25,6,0.82,Sleeping
2025-12-29 02:15:00,56,2.33,8,0.89,Sleeping
2025-12-29 02:20:00,61,2.42,0,0.61,Sleeping
2025-12-29 02:25:00,58,2.5,3,0.7,Sleeping
2025-12-29 02:30:00,51,2.58,6,0.76,Sleeping
2025-12-29 02:35:00,58,2.67,7,0.86,Sleeping
2025-12-29 02:40:00,56,2.75,2,0.65,Sleeping
2025-12-29 02:45:00,49,2.83,4,0.66,Sleeping
2025-12-29 02:50:00,45,2.92,5,0.66,Sleeping
2025-12-29 02:55:00,49,3.0,5,0.69,Sleeping
2025-12-29 03:00:00,48,3.08,3,0.61,Sleeping
2025-12-29 03:05:00,56,3.17,6,0.8,Sleeping
2025-12-29 03:10:00,59,3.25,2,0.68,Sleeping
2025-12-29 03:15:00,53,3.33,6,0.77,Sleeping
2025-12-29 03:20:00,55,3.42,5,0.76,Sleeping
2025-12-29 03:25:00,50,3.5,7,0.78,Sleeping
2025-12-29 03:30:00,63,3.58,7,0.91,Sleeping
2025-12-29 03:35:00,53,3.67,8,0.86,Sleeping
2025-12-29 03:40:00,52,3.75,4,0.69,Sleeping
2025-12-29 03:45:00,53,3.83,4,0.7,Sleeping
2025-12-29 03:50:00,49,3.92,7,0.78,Sleeping
2025-12-29 03:55:00,54,4.0,7,0.83,Sleeping
2025-12-29 04:00:00,57,4.08,9,0.93,Sleeping
2025-12-29 04:05:00,50,4.17,3,0.63,Sleeping
2025-12-29 04:10:00,50,4.25,2,0.58,Sleeping
2025-12-29 04:15:00,56,4.33,6,0.8,Sleeping
2025-12-29 04:20:00,60,4.42,3,0.73,Sleeping
2025-12-29 04:25:00,56,4.5,5,0.76,Sleeping
2025-12-29 04:30:00,49,4.58,8,0.82,Sleeping
2025-12-29 04:35:00,55,4.67,7,0.84,Sleeping
2025-12-29 04:40:00,52,4.75,6,0.77,Sleeping
2025-12-29 04:45:00,56,4.83,9,0.92,Sleeping
2025-12-29 04:50:00,51,4.92,5,0.71,Sleeping
2025-12-29 04:55:00,59,5.0,8,0.92,Sleeping
2025-12-29 05:00:00,60,5.08,3,0.72,Sleeping
2025-12-29 05:05:00,52,5.17,2,0.61,Sleeping
2025-12-29 05:10:00,51,5.25,1,0.56,Sleeping
2025-12-29 05:15:00,58,5.33,5,0.79,Sleeping
2025-12-29 05:20:00,54,5.42,2,0.63,Sleeping
2025-12-29 05:25:00,55,5.5,2,0.63,Sleeping
2025-12-29 05:30:00,59,5.58,3,0.72,Sleeping
2025-12-29 05:35:00,57,5.67,2,0.66,Sleeping
2025-12-29 05:40:00,59,5.75,5,0.79,Sleeping
2025-12-29 05:45:00,48,5.83,7,0.77,Sleeping
2025-12-29 05:50:00,60,5.92,8,0.93,Sleeping
2025-12-29 05:55:00,52,6.0,4,0.69,Sleeping
2025-12-29 06:00:00,83,0.0,41,2.48,Walking
2025-12-29 06:05:00,91,0.0,52,2.99,Walking
2025-12-29 06:10:00,86,0.0,41,2.51,Walking
2025-12-29 06:15:00,87,0.0,34,2.23,Walking
2025-12-29 06:20:00,85,0.0,31,2.1,Walking
2025-12-29 06:25:00,86,0.0,65,3.47,Walking
2025-12-29 06:30:00,91,0.0,48,2.83,Walking
2025-12-29 06:35:00,79,0.0,33,2.11,Walking
2025-12-29 06:40:00,90,0.0,67,3.59,Walking
2025-12-29 06:45:00,84,0.0,62,3.32,Walking
2025-12-29 06:50:00,84,0.0,65,3.45,Walking
2025-12-29 06:55:00,78,0.0,30,1.99,Walking
2025-12-29 07:00:00,89,0.0,53,3.02,Walking
2025-12-29 07:05:00,89,0.0,58,3.21,Walking
2025-12-29 07:10:00,89,0.0,34,2.25,Walking
2025-12-29 07:15:00,82,0.0,58,3.15,Walking
2025-12-29 07:20:00,85,0.0,44,2.61,Walking
2025-12-29 07:25:00,81,0.0,68,3.54,Walking
2025-12-29 07:30:00,84,0.0,47,2.72,Walking
2025-12-29 07:35:00,82,0.0,65,3.42,Walking
2025-12-29 07:40:00,79,0.0,38,2.31,Walking
2025-12-29 07:45:00,82,0.0,63,3.34,Walking
2025-12-29 07:50:00,85,0.0,48,2.77,Walking
2025-12-29 07:55:00,84,0.0,68,3.56,Walking
2025-12-29 08:00:00,94,0.0,37,2.42,Walking
2025-12-29 08:05:00,86,0.0,52,2.95,Walking
2025-12-29 08:10:00,86,0.0,66,3.5,Walking
2025-12-29 08:15:00,79,0.0,32,2.08,Walking
2025-12-29 08:20:00,84,0.0,54,3.0,Walking
2025-12-29 08:25:00,85,0.0,66,3.49,Walking
2025-12-29 08:30:00,83,0.0,62,3.31,Walking
2025-12-29 08:35:00,82,0.0,40,2.42,Walking
2025-12-29 08:40:00,87,0.0,67,3.56,Walking
2025-12-29 08:45:00,82,0.0,42,2.51,Walking
2025-12-29 08:50:00,89,0.0,67,3.57,Walking
2025-12-29 08:55:00,83,0.0,46,2.68,Walking
2025-12-29 09:00:00,60,0.0,5,0.81,Resting
2025-12-29 09:05:00,64,0.0,4,0.81,Resting
2025-12-29 09:10:00,66,0.0,4,0.83,Resting
2025-12-29 09:15:00,63,0.0,4,0.79,Resting
2025-12-29 09:20:00,60,0.0,2,0.68,Resting
2025-12-29 09:25:00,64,0.0,3,0.76,Resting
2025-12-29 09:30:00,69,0.0,6,0.93,Resting
2025-12-29 09:35:00,67,0.0,7,0.96,Resting
2025-12-29 09:40:00,73,0.0,4,0.9,Resting
2025-12-29 09:45:00,69,0.0,4,0.86,Resting
2025-12-29 09:50:00,65,0.0,5,0.85,Resting
2025-12-29 09:55:00,65,0.0,3,0.77,Resting
2025-12-29 10:00:00,67,0.0,2,0.76,Resting
2025-12-29 10:05:00,69,0.0,6,0.93,Resting
2025-12-29 10:10:00,60,0.0,4,0.76,Resting
2025-12-29 10:15:00,63,0.0,7,0.92,Resting
2025-12-29 10:20:00,66,0.0,8,0.98,Resting
2025-12-29 10:25:00,69,0.0,1,0.74,Resting
2025-12-29 10:30:00,70,0.0,9,1.06,Resting
2025-12-29 10:35:00,67,0.0,2,0.76,Resting
2025-12-29 10:40:00,72,0.0,6,0.96,Resting
2025-12-29 10:45:00,69,0.0,2,0.77,Resting
2025-12-29 10:50:00,67,0.0,0,0.67,Resting
2025-12-29 10:55:00,62,0.0,3,0.74,Resting
2025-12-29 11:00:00,63,0.0,2,0.72,Resting
2025-12-29 11:05:00,62,0.0,6,0.87,Resting
2025-12-29 11:10:00,70,0.0,7,0.99,Resting
2025-12-29 11:15:00,59,0.0,8,0.92,Resting
2025-12-29 11:20:00,68,0.0,7,0.97,Resting
2025-12-29 11:25:00,73,0.0,6,0.97,Resting
2025-12-29 11:30:00,58,0.0,3,0.71,Resting
2025-12-29 11:35:00,68,0.0,1,0.73,Resting
2025-12-29 11:40:00,67,0.0,1,0.72,Resting
2025-12-29 11:45:00,61,0.0,7,0.89,Resting
2025-12-29 11:50:00,67,0.0,3,0.79,Resting
2025-12-29 11:55:00,62,0.0,8,0.94,Resting
2025-12-29 12:00:00,125,0.0,108,5.58,Running
2025-12-29 12:05:00,130,0.0,107,5.59,Running
2025-12-29 12:10:00,127,0.0,132,6.56,Running
2025-12-29 12:15:00,124,0.0,119,6.01,Running
2025-12-29 12:20:00,132,0.0,115,5.92,Running
2025-12-29 12:25:00,123,0.0,129,6.4,Running
2025-12-29 12:30:00,128,0.0,103,5.4,Running
2025-12-29 12:35:00,131,0.0,113,5.84,Running
2025-12-29 12:40:00,128,0.0,147,7.16,Running
2025-12-29 12:45:00,133,0.0,114,5.9,Running
2025-12-29 12:50:00,125,0.0,116,5.9,Running
2025-12-29 12:55:00,130,0.0,107,5.59,Running
2025-12-29 13:00:00,116,0.0,110,5.56,Running
2025-12-29 13:05:00,131,0.0,146,7.16,Running
2025-12-29 13:10:00,128,0.0,100,5.28,Running
2025-12-29 13:15:00,122,0.0,116,5.86,Running
2025-12-29 13:20:00,134,0.0,114,5.91,Running
2025-12-29 13:25:00,134,0.0,102,5.42,Running
2025-12-29 13:30:00,127,0.0,126,6.31,Running
2025-12-29 13:35:00,128,0.0,120,6.08,Running
2025-12-29 13:40:00,128,0.0,115,5.89,Running
2025-12-29 13:45:00,133,0.0,110,5.73,Running
2025-12-29 13:50:00,135,0.0,105,5.56,Running
2025-12-29 13:55:00,127,0.0,127,6.36,Running
2025-12-29 14:00:00,89,0.0,65,3.5,Walking
2025-12-29 14:05:00,83,0.0,34,2.2,Walking
2025-12-29 14:10:00,89,0.0,54,3.06,Walking
2025-12-29 14:15:00,93,0.0,32,2.21,Walking
2025-12-29 14:20:00,82,0.0,53,2.95,Walking
2025-12-29 14:25:00,87,0.0,39,2.44,Walking
2025-12-29 14:30:00,88,0.0,47,2.76,Walking
2025-12-29 14:35:00,90,0.0,39,2.47,Walking
2025-12-29 14:40:00,88,0.0,30,2.08,Walking
2025-12-29 14:45:00,80,0.0,33,2.13,Walking
2025-12-29 14:50:00,79,0.0,67,3.48,Walking
2025-12-29 14:55:00,82,0.0,61,3.27,Walking
2025-12-29 15:00:00,84,0.0,60,3.25,Walking
2025-12-29 15:05:00,88,0.0,62,3.36,Walking
2025-12-29 15:10:00,81,0.0,31,2.05,Walking
2025-12-29 15:15:00,84,0.0,38,2.36,Walking
2025-12-29 15:20:00,82,0.0,38,2.34,Walking
2025-12-29 15:25:00,93,0.0,65,3.53,Walking
2025-12-29 15:30:00,85,0.0,35,2.25,Walking
2025-12-29 15:35:00,82,0.0,46,2.67,Walking
2025-12-29 15:40:00,83,0.0,64,3.39,Walking
2025-12-29 15:45:00,84,0.0,30,2.05,Walking
2025-12-29 15:50:00,86,0.0,42,2.55,Walking
2025-12-29 15:55:00,88,0.0,39,2.44,Walking
2025-12-29 16:00:00,86,0.0,55,3.06,Walking
2025-12-29 16:05:00,79,0.0,67,3.47,Walking
2025-12-29 16:10:00,80,0.0,57,3.08,Walking
2025-12-29 16:15:00,79,0.0,36,2.24,Walking
2025-12-29 16:20:00,85,0.0,31,2.1,Walking
2025-12-29 16:25:00,87,0.0,32,2.16,Walking
2025-12-29 16:30:00,93,0.0,44,2.69,Walking
2025-12-29 16:35:00,75,0.0,66,3.4,Walking
2025-12-29 16:40:00,83,0.0,51,2.87,Walking
2025-12-29 16:45:00,85,0.0,48,2.77,Walking
2025-12-29 16:50:00,89,0.0,45,2.69,Walking
2025-12-29 16:55:00,87,0.0,50,2.88,Walking
2025-12-29 17:00:00,90,0.0,66,3.54,Walking
2025-12-29 17:05:00,84,0.0,55,3.05,Walking
2025-12-29 17:10:00,82,0.0,35,2.22,Walking
2025-12-29 17:15:00,85,0.0,32,2.13,Walking
2025-12-29 17:20:00,88,0.0,41,2.52,Walking
2025-12-29 17:25:00,80,0.0,38,2.33,Walking
2025-12-29 17:30:00,80,0.0,42,2.49,Walking
2025-12-29 17:35:00,88,0.0,51,2.93,Walking
2025-12-29 17:40:00,88,0.0,30,2.09,Walking
2025-12-29 17:45:00,90,0.0,60,3.31,Walking
2025-12-29 17:50:00,81,0.0,30,2.02,Walking
2025-12-29 17:55:00,88,0.0,69,3.64,Walking
2025-12-29 18:00:00,118,0.0,106,5.43,Workout
2025-12-29 18:05:00,120,0.0,79,4.37,Workout
2025-12-29 18:10:00,119,0.0,110,5.6,Workout
2025-12-29 18:15:00,115,0.0,113,5.68,Workout
2025-12-29 18:20:00,121,0.0,118,5.93,Workout
2025-12-29 18:25:00,118,0.0,76,4.22,Workout
2025-12-29 18:30:00,116,0.0,70,3.96,Workout
2025-12-29 18:35:00,119,0.0,86,4.63,Workout
2025-12-29 18:40:00,116,0.0,64,3.73,Workout
2025-12-29 18:45:00,119,0.0,108,5.52,Workout
2025-12-29 18:50:00,117,0.0,119,5.94,Workout
2025-12-29 18:55:00,120,0.0,86,4.64,Workout
2025-12-29 19:00:00,119,0.0,119,5.96,Workout
2025-12-29 19:05:00,120,0.0,109,5.56,Workout
2025-12-29 19:10:00,120,0.0,64,3.77,Workout
2025-12-29 19:15:00,120,0.0,88,4.72,Workout
2025-12-29 19:20:00,125,0.0,101,5.29,Workout
2025-12-29 19:25:00,113,0.0,72,4.01,Workout
2025-12-29 19:30:00,121,0.0,73,4.13,Workout
2025-12-29 19:35:00,126,0.0,105,5.47,Workout
2025-12-29 19:40:00,121,0.0,111,5.66,Workout
2025-12-29 19:45:00,117,0.0,118,5.89,Workout
2025-12-29 19:50:00,119,0.0,68,3.91,Workout
2025-12-29 19:55:00,123,0.0,64,3.8,Workout
2025-12-29 20:00:00,58,0.0,6,0.82,Resting
2025-12-29 20:05:00,66,0.0,2,0.74,Resting
2025-12-29 20:10:00,69,0.0,1,0.73,Resting
2025-12-29 20:15:00,63,0.0,6,0.88,Resting
2025-12-29 20:20:00,59,0.0,8,0.91,Resting
2025-12-29 20:25:00,68,0.0,5,0.89,Resting
2025-12-29 20:30:00,62,0.0,9,0.99,Resting
2025-12-29 20:35:00,64,0.0,3,0.77,Resting
2025-12-29 20:40:00,61,0.0,7,0.89,Resting
2025-12-29 20:45:00,63,0.0,5,0.83,Resting
2025-12-29 20:50:00,70,0.0,7,0.98,Resting
2025-12-29 20:55:00,65,0.0,9,1.02,Resting
2025-12-29 21:00:00,67,0.0,3,0.79,Resting
2025-12-29 21:05:00,64,0.0,6,0.89,Resting
2025-12-29 21:10:00,65,0.0,2,0.74,Resting
2025-12-29 21:15:00,58,0.0,8,0.91,Resting
2025-12-29 21:20:00,63,0.0,7,0.92,Resting
2025-12-29 21:25:00,70,0.0,8,1.03,Resting
2025-12-29 21:30:00,70,0.0,1,0.74,Resting
2025-12-29 21:35:00,63,0.0,8,0.95,Resting
2025-12-29 21:40:00,71,0.0,6,0.95,Resting
2025-12-29 21:45:00,64,0.0,9,1.01,Resting
2025-12-29 21:50:00,70,0.0,6,0.94,Resting
2025-12-29 21:55:00,71,0.0,9,1.08,Resting
2025-12-29 22:00:00,64,0.0,8,0.97,Resting
2025-12-29 22:05:00,58,0.0,0,0.59,Resting
2025-12-29 22:10:00,63,0.0,0,0.63,Resting
2025-12-29 22:15:00,69,0.0,3,0.82,Resting
2025-12-29 22:20:00,60,0.0,0,0.61,Resting
2025-12-29 22:25:00,64,0.0,6,0.88,Resting
2025-12-29 22:30:00,66,0.0,9,1.03,Resting
2025-12-29 22:35:00,70,0.0,3,0.83,Resting
2025-12-29 22:40:00,60,0.0,6,0.85,Resting
2025-12-29 22:45:00,64,0.0,1,0.68,Resting
2025-12-29 22:50:00,66,0.0,8,0.99,Resting
2025-12-29 22:55:00,64,0.0,7,0.92,Resting
2025-12-29 23:00:00,69,0.0,6,0.94,Resting
2025-12-29 23:05:00,67,0.0,2,0.75,Resting
2025-12-29 23:10:00,62,0.0,0,0.63,Resting
2025-12-29 23:15:00,75,0.0,5,0.95,Resting
2025-12-29 23:20:00,62,0.0,1,0.66,Resting
2025-12-29 23:25:00,71,0.0,3,0.84,Resting
2025-12-29 23:30:00,63,0.0,8,0.95,Resting
2025-12-29 23:35:00,65,0.0,6,0.89,Resting
2025-12-29 23:40:00,60,0.0,9,0.96,Resting
2025-12-29 23:45:00,62,0.0,3,0.74,Resting
2025-12-29 23:50:00,59,0.0,5,0.79,Resting
2025-12-29 23:55:00,60,0.0,6,0.85,Resting
2025-12-30 00:00:00,58,0.08,8,0.91,Sleeping
2025-12-30 00:05:00,59,0.17,5,0.79,Sleeping
2025-12-30 00:10:00,55,0.25,4,0.72,Sleeping
2025-12-30 00:15:00,47,0.33,6,0.71,Sleeping
2025-12-30 00:20:00,65,0.42,7,0.93,Sleeping
2025-12-30 00:25:00,52,0.5,4,0.68,Sleeping
2025-12-30 00:30:00,56,0.58,7,0.85,Sleeping
2025-12-30 00:35:00,60,0.67,0,0.61,Sleeping
2025-12-30 00:40:00,52,0.75,1,0.57,Sleeping
2025-12-30 00:45:00,55,0.83,9,0.92,Sleeping
2025-12-30 00:50:00,59,0.92,9,0.96,Sleeping
2025-12-30 00:55:00,52,1.0,1,0.57,Sleeping
2025-12-30 01:00:00,53,1.08,2,0.61,Sleeping
2025-12-30 01:05:00,56,1.17,4,0.72,Sleeping
2025-12-30 01:10:00,56,1.25,6,0.8,Sleeping
2025-12-30 01:15:00,54,1.33,7,0.82,Sleeping
2025-12-30 01:20:00,51,1.42,8,0.84,Sleeping
2025-12-30 01:25:00,50,1.5,7,0.79,Sleeping
2025-12-30 01:30:00,53,1.58,6,0.77,Sleeping
2025-12-30 01:35:00,57,1.67,5,0.78,Sleeping
2025-12-30 01:40:00,64,1.75,1,0.69,Sleeping
2025-12-30 01:45:00,62,1.83,7,0.9,Sleeping
2025-12-30 01:50:00,54,1.92,8,0.86,Sleeping
2025-12-30 01:55:00,55,2.0,6,0.8,Sleeping
2025-12-30 02:00:00,52,2.08,3,0.64,Sleeping
2025-12-30 02:05:00,48,2.17,7,0.77,Sleeping
2025-12-30 02:10:00,56,2.25,0,0.57,Sleeping
2025-12-30 02:15:00,54,2.33,0,0.55,Sleeping
2025-12-30 02:20:00,57,2.42,8,0.89,Sleeping
2025-12-30 02:25:00,46,2.5,5,0.66,Sleeping
2025-12-30 02:30:00,55,2.58,1,0.59,Sleeping
2025-12-30 02:35:00,54,2.67,9,0.9,Sleeping
2025-12-30 02:40:00,49,2.75,9,0.85,Sleeping
2025-12-30 02:45:00,55,2.83,6,0.8,Sleeping
2025-12-30 02:50:00,54,2.92,4,0.71,Sleeping
2025-12-30 02:55:00,48,3.0,7,0.77,Sleeping
2025-12-30 03:00:00,57,3.08,1,0.62,Sleeping
2025-12-30 03:05:00,52,3.17,2,0.61,Sleeping
2025-12-30 03:10:00,51,3.25,1,0.55,Sleeping
2025-12-30 03:15:00,49,3.33,1,0.54,Sleeping
2025-12-30 03:20:00,55,3.42,0,0.56,Sleeping
2025-12-30 03:25:00,63,3.5,8,0.96,Sleeping
2025-12-30 03:30:00,54,3.58,8,0.87,Sleeping
2025-12-30 03:35:00,59,3.67,8,0.91,Sleeping
2025-12-30 03:40:00,52,3.75,1,0.56,Sleeping
2025-12-30 03:45:00,64,3.83,4,0.81,Sleeping
2025-12-30 03:50:00,56,3.92,7,0.84,Sleeping
2025-12-30 03:55:00,48,4.0,6,0.73,Sleeping
2025-12-30 04:00:00,56,4.08,0,0.57,Sleeping
2025-12-30 04:05:00,48,4.17,3,0.6,Sleeping
2025-12-30 04:10:00,58,4.25,7,0.86,Sleeping
2025-12-30 04:15:00,47,4.33,2,0.56,Sleeping
2025-12-30 04:20:00,56,4.42,1,0.6,Sleeping
2025-12-30 04:25:00,58,4.5,5,0.79,Sleeping
2025-12-30 04:30:00,51,4.58,6,0.75,Sleeping
2025-12-30 04:35:00,50,4.67,4,0.67,Sleeping
2025-12-30 04:40:00,54,4.75,8,0.86,Sleeping
2025-12-30 04:45:00,53,4.83,4,0.7,Sleeping
2025-12-30 04:50:00,53,4.92,6,0.78,Sleeping
2025-12-30 04:55:00,59,5.0,4,0.75,Sleeping
2025-12-30 05:00:00,55,5.08,6,0.8,Sleeping
2025-12-30 05:05:00,56,5.17,1,0.61,Sleeping
2025-12-30 05:10:00,58,5.25,8,0.91,Sleeping
2025-12-30 05:15:00,58,5.33,5,0.79,Sleeping
2025-12-30 05:20:00,53,5.42,6,0.78,Sleeping
2025-12-30 05:25:00,55,5.5,3,0.68,Sleeping
2025-12-30 05:30:00,48,5.58,1,0.52,Sleeping
2025-12-30 05:35:00,54,5.67,6,0.79,Sleeping
2025-12-30 05:40:00,55,5.75,4,0.71,Sleeping
2025-12-30 05:45:00,57,5.83,2,0.66,Sleeping
2025-12-30 05:50:00,62,5.92,0,0.62,Sleeping
2025-12-30 05:55:00,52,6.0,5,0.73,Sleeping
2025-12-30 06:00:00,85,0.0,31,2.1,Walking
2025-12-30 06:05:00,90,0.0,48,2.82,Walking
2025-12-30 06:10:00,83,0.0,60,3.23,Walking
2025-12-30 06:15:00,91,0.0,60,3.32,Walking
2025-12-30 06:20:00,80,0.0,42,2.49,Walking
2025-12-30 06:25:00,78,0.0,32,2.06,Walking
2025-12-30 06:30:00,86,0.0,62,3.34,Walking
2025-12-30 06:35:00,83,0.0,67,3.52,Walking
2025-12-30 06:40:00,73,0.0,52,2.81,Walking
2025-12-30 06:45:00,84,0.0,68,3.57,Walking
2025-12-30 06:50:00,84,0.0,58,3.16,Walking
2025-12-30 06:55:00,85,0.0,43,2.57,Walking
2025-12-30 07:00:00,87,0.0,47,2.75,Walking
2025-12-30 07:05:00,86,0.0,34,2.23,Walking
2025-12-30 07:10:00,90,0.0,59,3.27,Walking
2025-12-30 07:15:00,82,0.0,49,2.78,Walking
2025-12-30 07:20:00,80,0.0,47,2.68,Walking
2025-12-30 07:25:00,88,0.0,52,2.96,Walking
2025-12-30 07:30:00,85,0.0,67,3.54,Walking
2025-12-30 07:35:00,81,0.0,34,2.17,Walking
2025-12-30 07:40:00,81,0.0,61,3.25,Walking
2025-12-30 07:45:00,86,0.0,33,2.18,Walking
2025-12-30 07:50:00,77,0.0,30,1.97,Walking
2025-12-30 07:55:00,83,0.0,44,2.6,Walking
2025-12-30 08:00:00,80,0.0,38,2.32,Walking
2025-12-30 08:05:00,82,0.0,37,2.31,Walking
2025-12-30 08:10:00,82,0.0,53,2.94,Walking
2025-12-30 08:15:00,83,0.0,38,2.36,Walking
2025-12-30 08:20:00,87,0.0,38,2.39,Walking
2025-12-30 08:25:00,83,0.0,47,2.71,Walking
2025-12-30 08:30:00,85,0.0,64,3.42,Walking
2025-12-30 08:35:00,81,0.0,38,2.34,Walking
2025-12-30 08:40:00,84,0.0,30,2.05,Walking
2025-12-30 08:45:00,83,0.0,34,2.2,Walking
2025-12-30 08:50:00,83,0.0,46,2.67,Walking
2025-12-30 08:55:00,82,0.0,43,2.55,Walking
2025-12-30 09:00:00,71,0.0,5,0.92,Resting
2025-12-30 09:05:00,67,0.0,1,0.71,Resting
2025-12-30 09:10:00,65,0.0,2,0.73,Resting
2025-12-30 09:15:00,62,0.0,6,0.86,Resting
2025-12-30 09:20:00,64,0.0,6,0.89,Resting
2025-12-30 09:25:00,59,0.0,8,0.92,Resting
2025-12-30 09:30:00,64,0.0,9,1.0,Resting
2025-12-30 09:35:00,66,0.0,6,0.9,Resting
2025-12-30 09:40:00,67,0.0,8,1.0,Resting
2025-12-30 09:45:00,74,0.0,8,1.06,Resting
2025-12-30 09:50:00,57,0.0,8,0.9,Resting
2025-12-30 09:55:00,64,0.0,9,1.0,Resting
2025-12-30 10:00:00,62,0.0,7,0.9,Resting
2025-12-30 10:05:00,65,0.0,8,0.97,Resting
2025-12-30 10:10:00,68,0.0,0,0.68,Resting
2025-12-30 10:15:00,70,0.0,3,0.83,Resting
2025-12-30 10:20:00,74,0.0,2,0.82,Resting
2025-12-30 10:25:00,70,0.0,7,0.99,Resting
2025-12-30 10:30:00,56,0.0,5,0.77,Resting
2025-12-30 10:35:00,59,0.0,6,0.83,Resting
2025-12-30 10:40:00,61,0.0,8,0.94,Resting
2025-12-30 10:45:00,61,0.0,5,0.82,Resting
2025-12-30 10:50:00,62,0.0,1,0.66,Resting
2025-12-30 10:55:00,60,0.0,5,0.8,Resting
2025-12-30 11:00:00,68,0.0,2,0.77,Resting
2025-12-30 11:05:00,69,0.0,6,0.93,Resting
2025-12-30 11:10:00,61,0.0,0,0.62,Resting
2025-12-30 11:15:00,67,0.0,4,0.83,Resting
2025-12-30 11:20:00,60,0.0,3,0.72,Resting
2025-12-30 11:25:00,65,0.0,6,0.9,Resting
2025-12-30 11:30:00,64,0.0,6,0.88,Resting
2025-12-30 11:35:00,67,0.0,2,0.75,Resting
2025-12-30 11:40:00,57,0.0,8,0.89,Resting
2025-12-30 11:45:00,64,0.0,7,0.92,Resting
2025-12-30 11:50:00,62,0.0,5,0.83,Resting
2025-12-30 11:55:00,66,0.0,9,1.03,Resting
2025-12-30 12:00:00,127,0.0,104,5.43,Running
2025-12-30 12:05:00,125,0.0,128,6.37,Running
2025-12-30 12:10:00,132,0.0,122,6.2,Running
2025-12-30 12:15:00,136,0.0,143,7.08,Running
2025-12-30 12:20:00,127,0.0,126,6.32,Running
2025-12-30 12:25:00,129,0.0,135,6.7,Running
2025-12-30 12:30:00,128,0.0,145,7.08,Running
2025-12-30 12:35:00,126,0.0,149,7.23,Running
2025-12-30 12:40:00,127,0.0,115,5.88,Running
2025-12-30 12:45:00,140,0.0,138,6.93,Running
2025-12-30 12:50:00,130,0.0,116,5.94,Running
2025-12-30 12:55:00,127,0.0,118,6.0,Running
2025-12-30 13:00:00,126,0.0,121,6.1,Running
2025-12-30 13:05:00,130,0.0,141,6.94,Running
2025-12-30 13:10:00,123,0.0,148,7.16,Running
2025-12-30 13:15:00,131,0.0,117,6.0,Running
2025-12-30 13:20:00,134,0.0,114,5.91,Running
2025-12-30 13:25:00,133,0.0,149,7.3,Running
2025-12-30 13:30:00,130,0.0,109,5.67,Running
2025-12-30 13:35:00,130,0.0,101,5.35,Running
2025-12-30 13:40:00,139,0.0,133,6.72,Running
2025-12-30 13:45:00,135,0.0,103,5.47,Running
2025-12-30 13:50:00,137,0.0,125,6.38,Running
2025-12-30 13:55:00,135,0.0,136,6.8,Running
2025-12-30 14:00:00,87,0.0,63,3.39,Walking
2025-12-30 14:05:00,85,0.0,64,3.41,Walking
2025-12-30 14:10:00,82,0.0,68,3.55,Walking
2025-12-30 14:15:00,84,0.0,46,2.68,Walking
2025-12-30 14:20:00,81,0.0,48,2.74,Walking
2025-12-30 14:25:00,79,0.0,63,3.31,Walking
2025-12-30 14:30:00,82,0.0,54,2.99,Walking
2025-12-30 14:35:00,90,0.0,53,3.03,Walking
2025-12-30 14:40:00,88,0.0,44,2.64,Walking
2025-12-30 14:45:00,96,0.0,42,2.65,Walking
2025-12-30 14:50:00,88,0.0,50,2.89,Walking
2025-12-30 14:55:00,83,0.0,39,2.4,Walking
2025-12-30 15:00:00,87,0.0,56,3.12,Walking
2025-12-30 15:05:00,85,0.0,45,2.65,Walking
2025-12-30 15:10:00,80,0.0,51,2.84,Walking
2025-12-30 15:15:00,87,0.0,53,3.0,Walking
2025-12-30 15:20:00,77,0.0,52,2.86,Walking
2025-12-30 15:25:00,78,0.0,59,3.15,Walking
2025-12-30 15:30:00,83,0.0,37,2.31,Walking
2025-12-30 15:35:00,93,0.0,63,3.45,Walking
2025-12-30 15:40:00,87,0.0,67,3.55,Walking
2025-12-30 15:45:00,86,0.0,43,2.58,Walking
2025-12-30 15:50:00,85,0.0,64,3.41,Walking
2025-12-30 15:55:00,86,0.0,59,3.23,Walking
2025-12-30 16:00:00,88,0.0,64,3.44,Walking
2025-12-30 16:05:00,82,0.0,56,3.07,Walking
2025-12-30 16:10:00,81,0.0,53,2.94,Walking
2025-12-30 16:15:00,88,0.0,45,2.69,Walking
2025-12-30 16:20:00,82,0.0,69,3.58,Walking
2025-12-30 16:25:00,90,0.0,57,3.18,Walking
2025-12-30 16:30:00,88,0.0,58,3.21,Walking
2025-12-30 16:35:00,81,0.0,44,2.58,Walking
2025-12-30 16:40:00,89,0.0,41,2.54,Walking
2025-12-30 16:45:00,83,0.0,33,2.16,Walking
2025-12-30 16:50:00,88,0.0,62,3.36,Walking
2025-12-30 16:55:00,80,0.0,69,3.56,Walking
2025-12-30 17:00:00,83,0.0,52,2.92,Walking
2025-12-30 17:05:00,93,0.0,62,3.41,Walking
2025-12-30 17:10:00,79,0.0,50,2.79,Walking
2025-12-30 17:15:00,92,0.0,51,2.97,Walking
2025-12-30 17:20:00,86,0.0,52,2.95,Walking
2025-12-30 17:25:00,86,0.0,63,3.39,Walking
2025-12-30 17:30:00,80,0.0,58,3.12,Walking
2025-12-30 17:35:00,88,0.0,61,3.32,Walking
2025-12-30 17:40:00,93,0.0,61,3.37,Walking
2025-12-30 17:45:00,87,0.0,51,2.91,Walking
2025-12-30 17:50:00,87,0.0,59,3.24,Walking
2025-12-30 17:55:00,77,0.0,43,2.5,Walking
2025-12-30 18:00:00,123,0.0,118,5.96,Workout
2025-12-30 18:05:00,114,0.0,95,4.95,Workout
2025-12-30 18:10:00,122,0.0,65,3.83,Workout
2025-12-30 18:15:00,123,0.0,68,3.95,Workout
2025-12-30 18:20:00,117,0.0,116,5.82,Workout
2025-12-30 18:25:00,125,0.0,62,3.73,Workout
2025-12-30 18:30:00,123,0.0,107,5.51,Workout
2025-12-30 18:35:00,122,0.0,88,4.74,Workout
2025-12-30 18:40:00,124,0.0,75,4.24,Workout
2025-12-30 18:45:00,119,0.0,70,4.0,Workout
2025-12-30 18:50:00,122,0.0,100,5.23,Workout
2025-12-30 18:55:00,119,0.0,94,4.96,Workout
2025-12-30 19:00:00,124,0.0,111,5.69,Workout
2025-12-30 19:05:00,120,0.0,74,4.17,Workout
2025-12-30 19:10:00,124,0.0,112,5.73,Workout
2025-12-30 19:15:00,117,0.0,99,5.13,Workout
2025-12-30 19:20:00,125,0.0,94,5.01,Workout
2025-12-30 19:25:00,113,0.0,95,4.94,Workout
2025-12-30 19:30:00,125,0.0,103,5.37,Workout
2025-12-30 19:35:00,115,0.0,72,4.04,Workout
2025-12-30 19:40:00,118,0.0,74,4.14,Workout
2025-12-30 19:45:00,119,0.0,74,4.15,Workout
2025-12-30 19:50:00,115,0.0,75,4.16,Workout
2025-12-30 19:55:00,119,0.0,106,5.43,Workout
2025-12-30 20:00:00,63,0.0,8,0.95,Resting
2025-12-30 20:05:00,70,0.0,1,0.75,Resting
2025-12-30 20:10:00,69,0.0,5,0.89,Resting
2025-12-30 20:15:00,66,0.0,8,0.98,Resting
2025-12-30 20:20:00,68,0.0,1,0.73,Resting
2025-12-30 20:25:00,62,0.0,1,0.67,Resting
2025-12-30 20:30:00,66,0.0,5,0.87,Resting
2025-12-30 20:35:00,71,0.0,1,0.76,Resting
2025-12-30 20:40:00,63,0.0,1,0.68,Resting
2025-12-30 20:45:00,63,0.0,9,1.0,Resting
2025-12-30 20:50:00,69,0.0,6,0.94,Resting
2025-12-30 20:55:00,60,0.0,2,0.68,Resting
2025-12-30 21:00:00,67,0.0,6,0.91,Resting
2025-12-30 21:05:00,62,0.0,3,0.74,Resting
2025-12-30 21:10:00,65,0.0,8,0.97,Resting
2025-12-30 21:15:00,65,0.0,9,1.02,Resting
2025-12-30 21:20:00,69,0.0,6,0.93,Resting
2025-12-30 21:25:00,67,0.0,3,0.8,Resting
2025-12-30 21:30:00,66,0.0,8,0.98,Resting
2025-12-30 21:35:00,69,0.0,1,0.73,Resting
2025-12-30 21:40:00,64,0.0,9,1.01,Resting
2025-12-30 21:45:00,74,0.0,8,1.07,Resting
2025-12-30 21:50:00,60,0.0,9,0.96,Resting
2025-12-30 21:55:00,67,0.0,8,0.99,Resting
2025-12-30 22:00:00,62,0.0,6,0.86,Resting
2025-12-30 22:05:00,60,0.0,6,0.84,Resting
2025-12-30 22:10:00,60,0.0,2,0.69,Resting
2025-12-30 22:15:00,71,0.0,6,0.96,Resting
2025-12-30 22:20:00,67,0.0,0,0.67,Resting
2025-12-30 22:25:00,67,0.0,5,0.88,Resting
2025-12-30 22:30:00,66,0.0,6,0.91,Resting
2025-12-30 22:35:00,62,0.0,4,0.79,Resting
2025-12-30 22:40:00,63,0.0,1,0.67,Resting
2025-12-30 22:45:00,60,0.0,7,0.89,Resting
2025-12-30 22:50:00,66,0.0,1,0.71,Resting
2025-12-30 22:55:00,59,0.0,8,0.92,Resting
2025-12-30 23:00:00,60,0.0,8,0.92,Resting
2025-12-30 23:05:00,64,0.0,7,0.92,Resting
2025-12-30 23:10:00,70,0.0,2,0.78,Resting
2025-12-30 23:15:00,61,0.0,8,0.94,Resting
2025-12-30 23:20:00,61,0.0,7,0.89,Resting
2025-12-30 23:25:00,64,0.0,5,0.84,Resting
2025-12-30 23:30:00,68,0.0,4,0.85,Resting
2025-12-30 23:35:00,59,0.0,8,0.91,Resting
2025-12-30 23:40:00,64,0.0,3,0.76,Resting
2025-12-30 23:45:00,69,0.0,7,0.98,Resting
2025-12-30 23:50:00,59,0.0,9,0.96,Resting
2025-12-30 23:55:00,63,0.0,7,0.92,Resting
2025-12-31 00:00:00,50,0.08,2,0.58,Sleeping
2025-12-31 00:05:00,49,0.17,2,0.58,Sleeping
2025-12-31 00:10:00,53,0.25,8,0.86,Sleeping
2025-12-31 00:15:00,57,0.33,3,0.7,Sleeping
2025-12-31 00:20:00,52,0.42,0,0.53,Sleeping
2025-12-31 00:25:00,51,0.5,2,0.59,Sleeping
2025-12-31 00:30:00,59,0.58,9,0.95,Sleeping
2025-12-31 00:35:00,47,0.67,1,0.52,Sleeping
2025-12-31 00:40:00,55,0.75,3,0.68,Sleeping
2025-12-31 00:45:00,58,0.83,1,0.63,Sleeping
2025-12-31 00:50:00,56,0.92,3,0.69,Sleeping
2025-12-31 00:55:00,53,1.0,0,0.54,Sleeping
2025-12-31 01:00:00,51,1.08,4,0.68,Sleeping
2025-12-31 01:05:00,59,1.17,6,0.83,Sleeping
2025-12-31 01:10:00,54,1.25,8,0.86,Sleeping
2025-12-31 01:15:00,55,1.33,9,0.92,Sleeping
2025-12-31 01:20:00,56,1.42,4,0.73,Sleeping
2025-12-31 01:25:00,52,1.5,0,0.53,Sleeping
2025-12-31 01:30:00,57,1.58,6,0.81,Sleeping
2025-12-31 01:35:00,59,1.67,1,0.63,Sleeping
2025-12-31 01:40:00,61,1.75,2,0.7,Sleeping
2025-12-31 01:45:00,53,1.83,1,0.58,Sleeping
2025-12-31 01:50:00,56,1.92,4,0.73,Sleeping
2025-12-31 01:55:00,54,2.0,7,0.83,Sleeping
2025-12-31 02:00:00,58,2.08,9,0.94,Sleeping
2025-12-31 02:05:00,58,2.17,8,0.9,Sleeping
2025-12-31 02:10:00,53,2.25,0,0.53,Sleeping
2025-12-31 02:15:00,57,2.33,5,0.77,Sleeping
2025-12-31 02:20:00,57,2.42,7,0.85,Sleeping
2025-12-31 02:25:00,56,2.5,4,0.73,Sleeping
2025-12-31 02:30:00,54,2.58,3,0.66,Sleeping
2025-12-31 02:35:00,58,2.67,0,0.58,Sleeping
2025-12-31 02:40:00,62,2.75,4,0.79,Sleeping
2025-12-31 02:45:00,57,2.83,2,0.65,Sleeping
2025-12-31 02:50:00,51,2.92,5,0.71,Sleeping
2025-12-31 02:55:00,56,3.0,9,0.93,Sleeping
2025-12-31 03:00:00,55,3.08,4,0.71,Sleeping
2025-12-31 03:05:00,56,3.17,9,0.93,Sleeping
2025-12-31 03:10:00,58,3.25,2,0.66,Sleeping
2025-12-31 03:15:00,65,3.33,5,0.85,Sleeping
2025-12-31 03:20:00,58,3.42,0,0.58,Sleeping
2025-12-31 03:25:00,58,3.5,9,0.94,Sleeping
2025-12-31 03:30:00,51,3.58,0,0.52,Sleeping
2025-12-31 03:35:00,47,3.67,6,0.72,Sleeping
2025-12-31 03:40:00,56,3.75,0,0.57,Sleeping
2025-12-31 03:45:00,60,3.83,5,0.81,Sleeping
2025-12-31 03:50:00,52,3.92,2,0.61,Sleeping
2025-12-31 03:55:00,50,4.0,8,0.83,Sleeping
2025-12-31 04:00:00,63,4.08,5,0.83,Sleeping
2025-12-31 04:05:00,59,4.17,9,0.96,Sleeping
2025-12-31 04:10:00,59,4.25,0,0.59,Sleeping
2025-12-31 04:15:00,53,4.33,2,0.62,Sleeping
2025-12-31 04:20:00,61,4.42,0,0.61,Sleeping
2025-12-31 04:25:00,60,4.5,3,0.72,Sleeping
2025-12-31 04:30:00,54,4.58,5,0.74,Sleeping
2025-12-31 04:35:00,58,4.67,5,0.79,Sleeping
2025-12-31 04:40:00,52,4.75,1,0.56,Sleeping
2025-12-31 04:45:00,55,4.83,1,0.6,Sleeping
2025-12-31 04:50:00,53,4.92,7,0.82,Sleeping
2025-12-31 04:55:00,56,5.0,7,0.84,Sleeping
2025-12-31 05:00:00,50,5.08,5,0.71,Sleeping
2025-12-31 05:05:00,54,5.17,3,0.66,Sleeping
2025-12-31 05:10:00,56,5.25,5,0.77,Sleeping
2025-12-31 05:15:00,58,5.33,3,0.7,Sleeping
2025-12-31 05:20:00,53,5.42,1,0.57,Sleeping
2025-12-31 05:25:00,53,5.5,1,0.57,Sleeping
2025-12-31 05:30:00,51,5.58,8,0.83,Sleeping
2025-12-31 05:35:00,52,5.67,2,0.61,Sleeping
2025-12-31 05:40:00,54,5.75,4,0.7,Sleeping
2025-12-31 05:45:00,53,5.83,4,0.69,Sleeping
2025-12-31 05:50:00,48,5.92,6,0.72,Sleeping
2025-12-31 05:55:00,60,6.0,1,0.64,Sleeping
2025-12-31 06:00:00,89,0.0,51,2.94,Walking
2025-12-31 06:05:00,77,0.0,49,2.74,Walking
2025-12-31 06:10:00,84,0.0,40,2.45,Walking
2025-12-31 06:15:00,86,0.0,64,3.43,Walking
2025-12-31 06:20:00,85,0.0,54,3.01,Walking
2025-12-31 06:25:00,83,0.0,47,2.71,Walking
2025-12-31 06:30:00,72,0.0,39,2.28,Walking
2025-12-31 06:35:00,91,0.0,67,3.6,Walking
2025-12-31 06:40:00,89,0.0,62,3.37,Walking
2025-12-31 06:45:00,85,0.0,45,2.66,Walking
2025-12-31 06:50:00,88,0.0,58,3.2,Walking
2025-12-31 06:55:00,83,0.0,61,3.28,Walking
2025-12-31 07:00:00,95,0.0,57,3.24,Walking
2025-12-31 07:05:00,85,0.0,44,2.61,Walking
2025-12-31 07:10:00,87,0.0,42,2.56,Walking
2025-12-31 07:15:00,81,0.0,51,2.85,Walking
2025-12-31 07:20:00,85,0.0,67,3.54,Walking
2025-12-31 07:25:00,84,0.0,34,2.21,Walking
2025-12-31 07:30:00,78,0.0,62,3.27,Walking
2025-12-31 07:35:00,82,0.0,32,2.1,Walking
2025-12-31 07:40:00,80,0.0,43,2.52,Walking
2025-12-31 07:45:00,80,0.0,52,2.88,Walking
2025-12-31 07:50:00,90,0.0,59,3.27,Walking
2025-12-31 07:55:00,82,0.0,44,2.58,Walking
2025-12-31 08:00:00,80,0.0,46,2.64,Walking
2025-12-31 08:05:00,85,0.0,52,2.94,Walking
2025-12-31 08:10:00,83,0.0,57,3.12,Walking
2025-12-31 08:15:00,85,0.0,42,2.54,Walking
2025-12-31 08:20:00,89,0.0,66,3.53,Walking
2025-12-31 08:25:00,93,0.0,44,2.69,Walking
2025-12-31 08:30:00,89,0.0,43,2.61,Walking
2025-12-31 08:35:00,87,0.0,49,2.83,Walking
2025-12-31 08:40:00,91,0.0,39,2.48,Walking
2025-12-31 08:45:00,86,0.0,61,3.31,Walking
2025-12-31 08:50:00,83,0.0,57,3.12,Walking
2025-12-31 08:55:00,91,0.0,39,2.48,Walking
2025-12-31 09:00:00,66,0.0,8,0.98,Resting
2025-12-31 09:05:00,62,0.0,1,0.67,Resting
2025-12-31 09:10:00,60,0.0,4,0.77,Resting
2025-12-31 09:15:00,61,0.0,5,0.81,Resting
2025-12-31 09:20:00,68,0.0,1,0.72,Resting
2025-12-31 09:25:00,62,0.0,9,0.99,Resting
2025-12-31 09:30:00,59,0.0,7,0.88,Resting
2025-12-31 09:35:00,63,0.0,2,0.71,Resting
2025-12-31 09:40:00,59,0.0,6,0.84,Resting
2025-12-31 09:45:00,66,0.0,4,0.83,Resting
2025-12-31 09:50:00,64,0.0,5,0.84,Resting
2025-12-31 09:55:00,64,0.0,1,0.69,Resting
2025-12-31 10:00:00,68,0.0,7,0.96,Resting
2025-12-31 10:05:00,65,0.0,1,0.7,Resting
2025-12-31 10:10:00,70,0.0,0,0.71,Resting
2025-12-31 10:15:00,65,0.0,4,0.82,Resting
2025-12-31 10:20:00,64,0.0,4,0.8,Resting
2025-12-31 10:25:00,65,0.0,5,0.85,Resting
2025-12-31 10:30:00,63,0.0,3,0.75,Resting
2025-12-31 10:35:00,57,0.0,5,0.77,Resting
2025-12-31 10:40:00,71,0.0,2,0.79,Resting
2025-12-31 10:45:00,66,0.0,4,0.82,Resting
2025-12-31 10:50:00,68,0.0,5,0.89,Resting
2025-12-31 10:55:00,55,0.0,2,0.64,Resting
2025-12-31 11:00:00,65,0.0,2,0.73,Resting
2025-12-31 11:05:00,63,0.0,9,0.99,Resting
2025-12-31 11:10:00,60,0.0,3,0.72,Resting
2025-12-31 11:15:00,65,0.0,6,0.89,Resting
2025-12-31 11:20:00,60,0.0,4,0.76,Resting
2025-12-31 11:25:00,68,0.0,8,1.0,Resting
2025-12-31 11:30:00,63,0.0,7,0.92,Resting
2025-12-31 11:35:00,71,0.0,2,0.79,Resting
2025-12-31 11:40:00,63,0.0,2,0.71,Resting
2025-12-31 11:45:00,68,0.0,4,0.85,Resting
2025-12-31 11:50:00,66,0.0,7,0.95,Resting
2025-12-31 11:55:00,64,0.0,4,0.81,Resting
2025-12-31 12:00:00,133,0.0,120,6.14,Running
2025-12-31 12:05:00,123,0.0,106,5.47,Running
2025-12-31 12:10:00,125,0.0,141,6.89,Running
2025-12-31 12:15:00,135,0.0,105,5.55,Running
2025-12-31 12:20:00,129,0.0,138,6.82,Running
2025-12-31 12:25:00,127,0.0,127,6.36,Running
2025-12-31 12:30:00,128,0.0,137,6.77,Running
2025-12-31 12:35:00,131,0.0,134,6.68,Running
2025-12-31 12:40:00,128,0.0,111,5.73,Running
2025-12-31 12:45:00,130,0.0,120,6.1,Running
2025-12-31 12:50:00,125,0.0,107,5.53,Running
2025-12-31 12:55:00,129,0.0,114,5.85,Running
2025-12-31 13:00:00,130,0.0,112,5.78,Running
2025-12-31 13:05:00,125,0.0,108,5.58,Running
2025-12-31 13:10:00,127,0.0,115,5.87,Running
2025-12-31 13:15:00,120,0.0,127,6.28,Running
2025-12-31 13:20:00,129,0.0,133,6.62,Running
2025-12-31 13:25:00,127,0.0,110,5.68,Running
2025-12-31 13:30:00,124,0.0,142,6.93,Running
2025-12-31 13:35:00,129,0.0,148,7.21,Running
2025-12-31 13:40:00,129,0.0,103,5.42,Running
2025-12-31 13:45:00,119,0.0,100,5.19,Running
2025-12-31 13:50:00,122,0.0,115,5.83,Running
2025-12-31 13:55:00,128,0.0,111,5.73,Running
2025-12-31 14:00:00,86,0.0,48,2.79,Walking
2025-12-31 14:05:00,92,0.0,68,3.64,Walking
2025-12-31 14:10:00,84,0.0,58,3.16,Walking
2025-12-31 14:15:00,80,0.0,64,3.37,Walking
2025-12-31 14:20:00,82,0.0,57,3.11,Walking
2025-12-31 14:25:00,88,0.0,64,3.44,Walking
2025-12-31 14:30:00,83,0.0,42,2.51,Walking
2025-12-31 14:35:00,80,0.0,58,3.13,Walking
2025-12-31 14:40:00,80,0.0,61,3.25,Walking
2025-12-31 14:45:00,81,0.0,48,2.74,Walking
2025-12-31 14:50:00,84,0.0,49,2.81,Walking
2025-12-31 14:55:00,83,0.0,51,2.88,Walking
2025-12-31 15:00:00,83,0.0,66,3.47,Walking
2025-12-31 15:05:00,81,0.0,51,2.85,Walking
2025-12-31 15:10:00,78,0.0,42,2.46,Walking
2025-12-31 15:15:00,82,0.0,32,2.1,Walking
2025-12-31 15:20:00,83,0.0,54,3.0,Walking
2025-12-31 15:25:00,83,0.0,31,2.07,Walking
2025-12-31 15:30:00,82,0.0,58,3.15,Walking
2025-12-31 15:35:00,87,0.0,39,2.43,Walking
2025-12-31 15:40:00,86,0.0,65,3.47,Walking
2025-12-31 15:45:00,78,0.0,31,2.03,Walking
2025-12-31 15:50:00,85,0.0,39,2.41,Walking
2025-12-31 15:55:00,90,0.0,45,2.7,Walking
2025-12-31 16:00:00,82,0.0,30,2.02,Walking
2025-12-31 16:05:00,83,0.0,60,3.23,Walking
2025-12-31 16:10:00,86,0.0,40,2.47,Walking
2025-12-31 16:15:00,89,0.0,43,2.62,Walking
2025-12-31 16:20:00,85,0.0,62,3.33,Walking
2025-12-31 16:25:00,87,0.0,30,2.08,Walking
2025-12-31 16:30:00,82,0.0,36,2.27,Walking
2025-12-31 16:35:00,85,0.0,36,2.29,Walking
2025-12-31 16:40:00,83,0.0,42,2.52,Walking
2025-12-31 16:45:00,75,0.0,34,2.12,Walking
2025-12-31 16:50:00,83,0.0,41,2.48,Walking
2025-12-31 16:55:00,79,0.0,46,2.64,Walking
2025-12-31 17:00:00,80,0.0,31,2.04,Walking
2025-12-31 17:05:00,82,0.0,46,2.66,Walking
2025-12-31 17:10:00,86,0.0,61,3.3,Walking
2025-12-31 17:15:00,85,0.0,67,3.54,Walking
2025-12-31 17:20:00,83,0.0,39,2.4,Walking
2025-12-31 17:25:00,84,0.0,52,2.93,Walking
2025-12-31 17:30:00,88,0.0,69,3.64,Walking
2025-12-31 17:35:00,84,0.0,47,2.72,Walking
2025-12-31 17:40:00,81,0.0,59,3.18,Walking
2025-12-31 17:45:00,89,0.0,35,2.3,Walking
2025-12-31 17:50:00,84,0.0,30,2.05,Walking
2025-12-31 17:55:00,86,0.0,33,2.18,Walking
2025-12-31 18:00:00,119,0.0,70,4.0,Workout
2025-12-31 18:05:00,127,0.0,76,4.32,Workout
2025-12-31 18:10:00,114,0.0,71,3.99,Workout
2025-12-31 18:15:00,122,0.0,96,5.06,Workout
2025-12-31 18:20:00,117,0.0,108,5.5,Workout
2025-12-31 18:25:00,118,0.0,83,4.5,Workout
2025-12-31 18:30:00,120,0.0,112,5.68,Workout
2025-12-31 18:35:00,122,0.0,63,3.74,Workout
2025-12-31 18:40:00,116,0.0,69,3.93,Workout
2025-12-31 18:45:00,110,0.0,83,4.43,Workout
2025-12-31 18:50:00,114,0.0,90,4.74,Workout
2025-12-31 18:55:00,120,0.0,60,3.61,Workout
2025-12-31 19:00:00,118,0.0,113,5.7,Workout
2025-12-31 19:05:00,120,0.0,118,5.93,Workout
2025-12-31 19:10:00,124,0.0,104,5.4,Workout
2025-12-31 19:15:00,115,0.0,63,3.68,Workout
2025-12-31 19:20:00,119,0.0,93,4.91,Workout
2025-12-31 19:25:00,123,0.0,101,5.28,Workout
2025-12-31 19:30:00,121,0.0,72,4.09,Workout
2025-12-31 19:35:00,121,0.0,84,4.58,Workout
2025-12-31 19:40:00,117,0.0,101,5.22,Workout
2025-12-31 19:45:00,115,0.0,106,5.4,Workout
2025-12-31 19:50:00,114,0.0,95,4.95,Workout
2025-12-31 19:55:00,114,0.0,61,3.58,Workout
2025-12-31 20:00:00,65,0.0,7,0.94,Resting
2025-12-31 20:05:00,65,0.0,5,0.85,Resting
2025-12-31 20:10:00,70,0.0,2,0.79,Resting
2025-12-31 20:15:00,71,0.0,5,0.92,Resting
2025-12-31 20:20:00,65,0.0,1,0.69,Resting
2025-12-31 20:25:00,66,0.0,4,0.83,Resting
2025-12-31 20:30:00,64,0.0,4,0.8,Resting
2025-12-31 20:35:00,65,0.0,0,0.65,Resting
2025-12-31 20:40:00,66,0.0,2,0.74,Resting
2025-12-31 20:45:00,69,0.0,3,0.81,Resting
2025-12-31 20:50:00,66,0.0,7,0.95,Resting
2025-12-31 20:55:00,67,0.0,1,0.71,Resting
2025-12-31 21:00:00,72,0.0,3,0.84,Resting
2025-12-31 21:05:00,62,0.0,7,0.9,Resting
2025-12-31 21:10:00,65,0.0,8,0.97,Resting
2025-12-31 21:15:00,62,0.0,7,0.91,Resting
2025-12-31 21:20:00,67,0.0,5,0.88,Resting
2025-12-31 21:25:00,60,0.0,2,0.68,Resting
2025-12-31 21:30:00,69,0.0,6,0.93,Resting
2025-12-31 21:35:00,61,0.0,3,0.74,Resting
2025-12-31 21:40:00,62,0.0,4,0.78,Resting
2025-12-31 21:45:00,65,0.0,3,0.77,Resting
2025-12-31 21:50:00,63,0.0,5,0.83,Resting
2025-12-31 21:55:00,65,0.0,0,0.65,Resting
2025-12-31 22:00:00,63,0.0,1,0.67,Resting
2025-12-31 22:05:00,67,0.0,2,0.75,Resting
2025-12-31 22:10:00,61,0.0,8,0.93,Resting
2025-12-31 22:15:00,65,0.0,6,0.9,Resting
2025-12-31 22:20:00,63,0.0,2,0.72,Resting
2025-12-31 22:25:00,69,0.0,3,0.82,Resting
2025-12-31 22:30:00,65,0.0,5,0.85,Resting
2025-12-31 22:35:00,65,0.0,6,0.89,Resting
2025-12-31 22:40:00,57,0.0,1,0.61,Resting
2025-12-31 22:45:00,59,0.0,2,0.68,Resting
2025-12-31 22:50:00,73,0.0,0,0.73,Resting
2025-12-31 22:55:00,68,0.0,0,0.69,Resting
2025-12-31 23:00:00,69,0.0,6,0.94,Resting
2025-12-31 23:05:00,62,0.0,7,0.9,Resting
2025-12-31 23:10:00,58,0.0,3,0.7,Resting
2025-12-31 23:15:00,61,0.0,4,0.77,Resting
2025-12-31 23:20:00,68,0.0,8,1.01,Resting
2025-12-31 23:25:00,70,0.0,3,0.82,Resting
2025-12-31 23:30:00,68,0.0,1,0.72,Resting
2025-12-31 23:35:00,60,0.0,4,0.77,Resting
2025-12-31 23:40:00,62,0.0,7,0.91,Resting
2025-12-31 23:45:00,72,0.0,6,0.97,Resting
2025-12-31 23:50:00,65,0.0,3,0.78,Resting
2025-12-31 23:55:00,62,0.0,7,0.9,Resting
2026-01-01 00:00:00,52,0.08,8,0.85,Sleeping
2026-01-01 00:05:00,50,0.17,5,0.7,Sleeping
2026-01-01 00:10:00,60,0.25,0,0.61,Sleeping
2026-01-01 00:15:00,51,0.33,9,0.88,Sleeping
2026-01-01 00:20:00,58,0.42,5,0.79,Sleeping
2026-01-01 00:25:00,61,0.5,7,0.9,Sleeping
2026-01-01 00:30:00,59,0.58,4,0.75,Sleeping
2026-01-01 00:35:00,47,0.67,0,0.47,Sleeping
2026-01-01 00:40:00,55,0.75,5,0.76,Sleeping
2026-01-01 00:45:00,61,0.83,6,0.85,Sleeping
2026-01-01 00:50:00,54,0.92,7,0.83,Sleeping
2026-01-01 00:55:00,53,1.0,0,0.53,Sleeping
2026-01-01 01:00:00,52,1.08,7,0.8,Sleeping
2026-01-01 01:05:00,57,1.17,9,0.93,Sleeping
2026-01-01 01:10:00,57,1.25,0,0.57,Sleeping
2026-01-01 01:15:00,54,1.33,4,0.7,Sleeping
2026-01-01 01:20:00,50,1.42,8,0.82,Sleeping
2026-01-01 01:25:00,49,1.5,3,0.61,Sleeping
2026-01-01 01:30:00,59,1.58,5,0.8,Sleeping
2026-01-01 01:35:00,54,1.67,0,0.54,Sleeping
2026-01-01 01:40:00,59,1.75,3,0.71,Sleeping
2026-01-01 01:45:00,57,1.83,3,0.69,Sleeping
2026-01-01 01:50:00,51,1.92,1,0.56,Sleeping
2026-01-01 01:55:00,55,2.0,0,0.55,Sleeping
2026-01-01 02:00:00,48,2.08,7,0.77,Sleeping
2026-01-01 02:05:00,56,2.17,8,0.89,Sleeping
2026-01-01 02:10:00,51,2.25,9,0.88,Sleeping
2026-01-01 02:15:00,60,2.33,0,0.61,Sleeping
2026-01-01 02:20:00,53,2.42,5,0.73,Sleeping
2026-01-01 02:25:00,62,2.5,5,0.82,Sleeping
2026-01-01 02:30:00,60,2.58,2,0.69,Sleeping
2026-01-01 02:35:00,58,2.67,2,0.66,Sleeping
2026-01-01 02:40:00,52,2.75,2,0.6,Sleeping
2026-01-01 02:45:00,61,2.83,9,0.97,Sleeping
2026-01-01 02:50:00,57,2.92,1,0.62,Sleeping
2026-01-01 02:55:00,56,3.0,1,0.6,Sleeping
2026-01-01 03:00:00,57,3.08,9,0.93,Sleeping
2026-01-01 03:05:00,54,3.17,2,0.63,Sleeping
2026-01-01 03:10:00,54,3.25,4,0.7,Sleeping
2026-01-01 03:15:00,63,3.33,7,0.92,Sleeping
2026-01-01 03:20:00,59,3.42,5,0.8,Sleeping
2026-01-01 03:25:00,59,3.5,4,0.75,Sleeping
2026-01-01 03:30:00,55,3.58,4,0.72,Sleeping
2026-01-01 03:35:00,58,3.67,3,0.7,Sleeping
2026-01-01 03:40:00,58,3.75,1,0.63,Sleeping
2026-01-01 03:45:00,53,3.83,8,0.85,Sleeping
2026-01-01 03:50:00,55,3.92,6,0.79,Sleeping
2026-01-01 03:55:00,54,4.0,3,0.67,Sleeping
2026-01-01 04:00:00,57,4.08,3,0.69,Sleeping
2026-01-01 04:05:00,61,4.17,4,0.78,Sleeping
2026-01-01 04:10:00,48,4.25,3,0.6,Sleeping
2026-01-01 04:15:00,56,4.33,8,0.89,Sleeping
2026-01-01 04:20:00,55,4.42,8,0.87,Sleeping
2026-01-01 04:25:00,52,4.5,4,0.68,Sleeping
2026-01-01 04:30:00,53,4.58,7,0.81,Sleeping
2026-01-01 04:35:00,46,4.67,5,0.67,Sleeping
2026-01-01 04:40:00,52,4.75,8,0.85,Sleeping
2026-01-01 04:45:00,54,4.83,2,0.62,Sleeping
2026-01-01 04:50:00,56,4.92,3,0.68,Sleeping
2026-01-01 04:55:00,46,5.0,5,0.66,Sleeping
2026-01-01 05:00:00,54,5.08,3,0.66,Sleeping
2026-01-01 05:05:00,57,5.17,7,0.86,Sleeping
2026-01-01 05:10:00,57,5.25,8,0.89,Sleeping
2026-01-01 05:15:00,58,5.33,8,0.9,Sleeping
2026-01-01 05:20:00,49,5.42,5,0.69,Sleeping
2026-01-01 05:25:00,54,5.5,1,0.59,Sleeping
2026-01-01 05:30:00,55,5.58,8,0.87,Sleeping
2026-01-01 05:35:00,45,5.67,7,0.73,Sleeping
2026-01-01 05:40:00,55,5.75,7,0.83,Sleeping
2026-01-01 05:45:00,47,5.83,1,0.51,Sleeping
2026-01-01 05:50:00,57,5.92,4,0.74,Sleeping
2026-01-01 05:55:00,53,6.0,8,0.86,Sleeping
2026-01-01 06:00:00,83,0.0,64,3.4,Walking
2026-01-01 06:05:00,84,0.0,45,2.64,Walking
2026-01-01 06:10:00,81,0.0,48,2.74,Walking
2026-01-01 06:15:00,84,0.0,33,2.17,Walking
2026-01-01 06:20:00,79,0.0,55,3.0,Walking
2026-01-01 06:25:00,84,0.0,37,2.32,Walking
2026-01-01 06:30:00,80,0.0,30,2.0,Walking
2026-01-01 06:35:00,87,0.0,59,3.23,Walking
2026-01-01 06:40:00,84,0.0,45,2.64,Walking
2026-01-01 06:45:00,80,0.0,60,3.2,Walking
2026-01-01 06:50:00,81,0.0,68,3.54,Walking
2026-01-01 06:55:00,86,0.0,31,2.11,Walking
2026-01-01 07:00:00,84,0.0,59,3.21,Walking
2026-01-01 07:05:00,91,0.0,45,2.72,Walking
2026-01-01 07:10:00,86,0.0,49,2.83,Walking
2026-01-01 07:15:00,82,0.0,33,2.14,Walking
2026-01-01 07:20:00,84,0.0,48,2.76,Walking
2026-01-01 07:25:00,86,0.0,47,2.75,Walking
2026-01-01 07:30:00,82,0.0,59,3.18,Walking
2026-01-01 07:35:00,88,0.0,32,2.17,Walking
2026-01-01 07:40:00,89,0.0,57,3.18,Walking
2026-01-01 07:45:00,84,0.0,52,2.93,Walking
2026-01-01 07:50:00,81,0.0,44,2.57,Walking
2026-01-01 07:55:00,85,0.0,33,2.18,Walking
2026-01-01 08:00:00,92,0.0,50,2.92,Walking
2026-01-01 08:05:00,93,0.0,52,3.02,Walking
2026-01-01 08:10:00,87,0.0,57,3.16,Walking
2026-01-01 08:15:00,86,0.0,31,2.1,Walking
2026-01-01 08:20:00,86,0.0,35,2.26,Walking
2026-01-01 08:25:00,81,0.0,68,3.53,Walking
2026-01-01 08:30:00,85,0.0,58,3.17,Walking
2026-01-01 08:35:00,81,0.0,55,3.01,Walking
2026-01-01 08:40:00,87,0.0,44,2.63,Walking
2026-01-01 08:45:00,86,0.0,43,2.58,Walking
2026-01-01 08:50:00,88,0.0,66,3.53,Walking
2026-01-01 08:55:00,86,0.0,53,2.99,Walking
2026-01-01 09:00:00,67,0.0,1,0.72,Resting
2026-01-01 09:05:00,61,0.0,5,0.82,Resting
2026-01-01 09:10:00,69,0.0,7,0.98,Resting
2026-01-01 09:15:00,60,0.0,0,0.61,Resting
2026-01-01 09:20:00,59,0.0,7,0.87,Resting
2026-01-01 09:25:00,58,0.0,1,0.62,Resting
2026-01-01 09:30:00,57,0.0,4,0.73,Resting
2026-01-01 09:35:00,62,0.0,1,0.66,Resting
2026-01-01 09:40:00,68,0.0,8,1.0,Resting
2026-01-01 09:45:00,67,0.0,1,0.72,Resting
2026-01-01 09:50:00,60,0.0,9,0.97,Resting
2026-01-01 09:55:00,61,0.0,9,0.98,Resting
2026-01-01 10:00:00,71,0.0,1,0.75,Resting
2026-01-01 10:05:00,66,0.0,4,0.83,Resting
2026-01-01 10:10:00,63,0.0,4,0.79,Resting
2026-01-01 10:15:00,67,0.0,2,0.76,Resting
2026-01-01 10:20:00,58,0.0,7,0.86,Resting
2026-01-01 10:25:00,67,0.0,0,0.67,Resting
2026-01-01 10:30:00,63,0.0,0,0.64,Resting
2026-01-01 10:35:00,63,0.0,5,0.83,Resting
2026-01-01 10:40:00,65,0.0,8,0.98,Resting
2026-01-01 10:45:00,60,0.0,0,0.61,Resting
2026-01-01 10:50:00,57,0.0,0,0.58,Resting
2026-01-01 10:55:00,68,0.0,5,0.88,Resting
2026-01-01 11:00:00,70,0.0,3,0.83,Resting
2026-01-01 11:05:00,61,0.0,8,0.94,Resting
2026-01-01 11:10:00,65,0.0,2,0.74,Resting
2026-01-01 11:15:00,71,0.0,7,0.99,Resting
2026-01-01 11:20:00,68,0.0,8,1.01,Resting
2026-01-01 11:25:00,65,0.0,1,0.69,Resting
2026-01-01 11:30:00,65,0.0,0,0.65,Resting
2026-01-01 11:35:00,69,0.0,8,1.01,Resting
2026-01-01 11:40:00,68,0.0,2,0.77,Resting
2026-01-01 11:45:00,69,0.0,9,1.05,Resting
2026-01-01 11:50:00,59,0.0,0,0.59,Resting
2026-01-01 11:55:00,62,0.0,5,0.82,Resting
2026-01-01 12:00:00,128,0.0,143,7.0,Running
2026-01-01 12:05:00,130,0.0,123,6.23,Running
2026-01-01 12:10:00,130,0.0,148,7.22,Running
2026-01-01 12:15:00,127,0.0,145,7.08,Running
2026-01-01 12:20:00,124,0.0,135,6.65,Running
2026-01-01 12:25:00,133,0.0,142,7.02,Running
2026-01-01 12:30:00,129,0.0,112,5.78,Running
2026-01-01 12:35:00,136,0.0,136,6.8,Running
2026-01-01 12:40:00,127,0.0,127,6.35,Running
2026-01-01 12:45:00,131,0.0,131,6.56,Running
2026-01-01 12:50:00,130,0.0,117,5.98,Running
2026-01-01 12:55:00,130,0.0,143,7.02,Running
2026-01-01 13:00:00,127,0.0,109,5.63,Running
2026-01-01 13:05:00,127,0.0,138,6.8,Running
2026-01-01 13:10:00,129,0.0,125,6.29,Running
2026-01-01 13:15:00,129,0.0,140,6.9,Running
2026-01-01 13:20:00,135,0.0,111,5.79,Running
2026-01-01 13:25:00,131,0.0,136,6.76,Running
2026-01-01 13:30:00,131,0.0,104,5.48,Running
2026-01-01 13:35:00,132,0.0,112,5.81,Running
2026-01-01 13:40:00,135,0.0,133,6.67,Running
2026-01-01 13:45:00,126,0.0,141,6.9,Running
2026-01-01 13:50:00,126,0.0,125,6.26,Running
2026-01-01 13:55:00,136,0.0,113,5.89,Running
2026-01-01 14:00:00,85,0.0,35,2.25,Walking
2026-01-01 14:05:00,89,0.0,37,2.38,Walking
2026-01-01 14:10:00,88,0.0,39,2.44,Walking
2026-01-01 14:15:00,87,0.0,35,2.27,Walking
2026-01-01 14:20:00,87,0.0,34,2.23,Walking
2026-01-01 14:25:00,90,0.0,54,3.07,Walking
2026-01-01 14:30:00,83,0.0,54,2.99,Walking
2026-01-01 14:35:00,81,0.0,55,3.01,Walking
2026-01-01 14:40:00,81,0.0,59,3.18,Walking
2026-01-01 14:45:00,78,0.0,38,2.31,Walking
2026-01-01 14:50:00,84,0.0,30,2.04,Walking
2026-01-01 14:55:00,89,0.0,43,2.61,Walking
2026-01-01 15:00:00,83,0.0,48,2.75,Walking
2026-01-01 15:05:00,81,0.0,30,2.02,Walking
2026-01-01 15:10:00,82,0.0,40,2.42,Walking
2026-01-01 15:15:00,82,0.0,68,3.55,Walking
2026-01-01 15:20:00,91,0.0,32,2.2,Walking
2026-01-01 15:25:00,84,0.0,54,3.01,Walking
2026-01-01 15:30:00,91,0.0,59,3.27,Walking
2026-01-01 15:35:00,79,0.0,45,2.6,Walking
2026-01-01 15:40:00,80,0.0,34,2.16,Walking
2026-01-01 15:45:00,85,0.0,66,3.5,Walking
2026-01-01 15:50:00,87,0.0,62,3.35,Walking
2026-01-01 15:55:00,91,0.0,69,3.67,Walking
2026-01-01 16:00:00,87,0.0,42,2.55,Walking
2026-01-01 16:05:00,80,0.0,41,2.44,Walking
2026-01-01 16:10:00,83,0.0,46,2.67,Walking
2026-01-01 16:15:00,97,0.0,36,2.42,Walking
2026-01-01 16:20:00,91,0.0,59,3.27,Walking
2026-01-01 16:25:00,97,0.0,39,2.54,Walking
2026-01-01 16:30:00,80,0.0,41,2.44,Walking
2026-01-01 16:35:00,86,0.0,59,3.23,Walking
2026-01-01 16:40:00,85,0.0,33,2.18,Walking
2026-01-01 16:45:00,82,0.0,50,2.82,Walking
2026-01-01 16:50:00,85,0.0,62,3.33,Walking
2026-01-01 16:55:00,84,0.0,49,2.81,Walking
2026-01-01 17:00:00,82,0.0,62,3.31,Walking
2026-01-01 17:05:00,81,0.0,67,3.49,Walking
2026-01-01 17:10:00,82,0.0,38,2.35,Walking
2026-01-01 17:15:00,86,0.0,65,3.46,Walking
2026-01-01 17:20:00,82,0.0,57,3.1,Walking
2026-01-01 17:25:00,84,0.0,45,2.64,Walking
2026-01-01 17:30:00,83,0.0,48,2.76,Walking
2026-01-01 17:35:00,85,0.0,49,2.82,Walking
2026-01-01 17:40:00,86,0.0,34,2.22,Walking
2026-01-01 17:45:00,74,0.0,39,2.31,Walking
2026-01-01 17:50:00,86,0.0,35,2.27,Walking
2026-01-01 17:55:00,80,0.0,32,2.08,Walking
2026-01-01 18:00:00,125,0.0,81,4.5,Workout
2026-01-01 18:05:00,121,0.0,110,5.62,Workout
2026-01-01 18:10:00,121,0.0,112,5.69,Workout
2026-01-01 18:15:00,113,0.0,119,5.89,Workout
2026-01-01 18:20:00,115,0.0,107,5.43,Workout
2026-01-01 18:25:00,123,0.0,73,4.15,Workout
2026-01-01 18:30:00,123,0.0,71,4.08,Workout
2026-01-01 18:35:00,119,0.0,119,5.96,Workout
2026-01-01 18:40:00,122,0.0,87,4.7,Workout
2026-01-01 18:45:00,117,0.0,113,5.69,Workout
2026-01-01 18:50:00,119,0.0,88,4.72,Workout
2026-01-01 18:55:00,121,0.0,93,4.94,Workout
2026-01-01 19:00:00,122,0.0,69,3.98,Workout
2026-01-01 19:05:00,115,0.0,61,3.6,Workout
2026-01-01 19:10:00,124,0.0,79,4.4,Workout
2026-01-01 19:15:00,120,0.0,103,5.32,Workout
2026-01-01 19:20:00,123,0.0,81,4.48,Workout
2026-01-01 19:25:00,119,0.0,111,5.63,Workout
2026-01-01 19:30:00,113,0.0,62,3.61,Workout
2026-01-01 19:35:00,123,0.0,118,5.96,Workout
2026-01-01 19:40:00,125,0.0,92,4.94,Workout
2026-01-01 19:45:00,121,0.0,94,4.97,Workout
2026-01-01 19:50:00,123,0.0,110,5.63,Workout
2026-01-01 19:55:00,119,0.0,60,3.59,Workout
2026-01-01 20:00:00,62,0.0,8,0.95,Resting
2026-01-01 20:05:00,67,0.0,0,0.68,Resting
2026-01-01 20:10:00,57,0.0,2,0.66,Resting
2026-01-01 20:15:00,53,0.0,1,0.57,Resting
2026-01-01 20:20:00,73,0.0,8,1.05,Resting
2026-01-01 20:25:00,70,0.0,1,0.75,Resting
2026-01-01 20:30:00,66,0.0,4,0.83,Resting
2026-01-01 20:35:00,67,0.0,4,0.83,Resting
2026-01-01 20:40:00,68,0.0,2,0.76,Resting
2026-01-01 20:45:00,64,0.0,8,0.96,Resting
2026-01-01 20:50:00,59,0.0,8,0.92,Resting
2026-01-01 20:55:00,66,0.0,1,0.71,Resting
2026-01-01 21:00:00,68,0.0,4,0.84,Resting
2026-01-01 21:05:00,61,0.0,1,0.66,Resting
2026-01-01 21:10:00,58,0.0,8,0.9,Resting
2026-01-01 21:15:00,62,0.0,9,0.98,Resting
2026-01-01 21:20:00,64,0.0,5,0.85,Resting
2026-01-01 21:25:00,66,0.0,7,0.95,Resting
2026-01-01 21:30:00,68,0.0,3,0.81,Resting
2026-01-01 21:35:00,64,0.0,0,0.64,Resting
2026-01-01 21:40:00,62,0.0,6,0.87,Resting
2026-01-01 21:45:00,65,0.0,1,0.7,Resting
2026-01-01 21:50:00,68,0.0,9,1.04,Resting
2026-01-01 21:55:00,63,0.0,6,0.88,Resting
2026-01-01 22:00:00,65,0.0,6,0.89,Resting
2026-01-01 22:05:00,59,0.0,8,0.92,Resting
2026-01-01 22:10:00,62,0.0,5,0.82,Resting
2026-01-01 22:15:00,69,0.0,1,0.74,Resting
2026-01-01 22:20:00,70,0.0,1,0.74,Resting
2026-01-01 22:25:00,66,0.0,0,0.66,Resting
2026-01-01 22:30:00,63,0.0,0,0.63,Resting
2026-01-01 22:35:00,56,0.0,7,0.85,Resting
2026-01-01 22:40:00,68,0.0,0,0.69,Resting
2026-01-01 22:45:00,58,0.0,2,0.67,Resting
2026-01-01 22:50:00,62,0.0,0,0.62,Resting
2026-01-01 22:55:00,69,0.0,7,0.98,Resting
2026-01-01 23:00:00,65,0.0,7,0.93,Resting
2026-01-01 23:05:00,74,0.0,4,0.9,Resting
2026-01-01 23:10:00,62,0.0,8,0.94,Resting
2026-01-01 23:15:00,63,0.0,9,1.0,Resting
2026-01-01 23:20:00,65,0.0,4,0.82,Resting
2026-01-01 23:25:00,62,0.0,5,0.83,Resting
2026-01-01 23:30:00,64,0.0,2,0.73,Resting
2026-01-01 23:35:00,62,0.0,3,0.75,Resting
2026-01-01 23:40:00,67,0.0,8,0.99,Resting
2026-01-01 23:45:00,66,0.0,6,0.9,Resting
2026-01-01 23:50:00,71,0.0,3,0.83,Resting
2026-01-01 23:55:00,74,0.0,4,0.9,Resting
